time,att,field,Home_team,Visit_team
2002/9/28,3168,新莊,兄弟象,興農牛
2002/9/28,1052,立德,中信鯨,統一獅
2002/9/27,1364,新莊,兄弟象,興農牛
2002/9/27,1401,立德,中信鯨,統一獅
2002/9/26,1063,新莊,兄弟象,興農牛
2002/9/25,405,嘉義市,中信鯨,統一獅
2002/9/22,1685,台中,興農牛,中信鯨
2002/9/21,1712,台中,興農牛,中信鯨
2002/9/21,4184,台南,統一獅,兄弟象
2002/9/20,5206,台南,統一獅,兄弟象
2002/9/19,1808,台中,興農牛,中信鯨
2002/9/18,2588,台南,統一獅,兄弟象
2002/9/15,7500,新莊,中信鯨,兄弟象
2002/9/14,7500,新莊,中信鯨,兄弟象
2002/9/14,1322,立德,興農牛,統一獅
2002/9/13,1075,立德,興農牛,統一獅
2002/9/12,3178,新竹,中信鯨,兄弟象
2002/9/11,1275,台中,興農牛,統一獅
2002/9/9,764,嘉義市,中信鯨,統一獅
2002/9/7,2351,嘉義市,中信鯨,統一獅
2002/9/7,5766,台中,兄弟象,興農牛
2002/9/6,2254,台中,兄弟象,興農牛
2002/9/5,711,嘉義市,中信鯨,統一獅
2002/9/4,4067,新竹,兄弟象,興農牛
2002/9/1,1684,台南,統一獅,中信鯨
2002/9/1,5063,新莊,興農牛,兄弟象
2002/8/31,2009,台南,統一獅,中信鯨
2002/8/31,7500,新莊,興農牛,兄弟象
2002/8/30,6265,新竹,興農牛,兄弟象
2002/8/30,1362,嘉義市,中信鯨,統一獅
2002/8/29,1110,台南,統一獅,中信鯨
2002/8/25,4056,新莊,兄弟象,統一獅
2002/8/24,7500,新莊,兄弟象,統一獅
2002/8/24,3054,台中,興農牛,中信鯨
2002/8/23,1926,台中,興農牛,中信鯨
2002/8/22,2704,新莊,兄弟象,統一獅
2002/8/21,2317,新竹,興農牛,中信鯨
2002/8/18,1723,台南,統一獅,興農牛
2002/8/17,2021,台南,統一獅,興農牛
2002/8/17,7500,新莊,兄弟象,中信鯨
2002/8/16,3575,新莊,兄弟象,中信鯨
2002/8/15,1693,台南,統一獅,興農牛
2002/8/14,3012,新莊,兄弟象,中信鯨
2002/8/12,2590,台南,統一獅,兄弟象
2002/8/11,4305,台中,中信鯨,興農牛
2002/8/10,4503,台南,統一獅,兄弟象
2002/8/9,1103,嘉義市,中信鯨,興農牛
2002/8/8,2013,台南,統一獅,兄弟象
2002/8/7,847,嘉義市,中信鯨,興農牛
2002/8/5,1309,立德,中信鯨,兄弟象
2002/8/3,5090,立德,中信鯨,兄弟象
2002/8/3,1989,台中,興農牛,統一獅
2002/8/2,1038,台中,興農牛,統一獅
2002/8/1,2533,立德,中信鯨,兄弟象
2002/7/31,1120,台中,興農牛,統一獅
2002/7/28,5280,新莊,兄弟象,興農牛
2002/7/28,1548,立德,中信鯨,統一獅
2002/7/27,6021,新莊,兄弟象,興農牛
2002/7/27,1515,立德,中信鯨,統一獅
2002/7/25,3011,新莊,兄弟象,興農牛
2002/7/21,2507,花蓮,統一獅,中信鯨
2002/7/21,3952,台中,興農牛,兄弟象
2002/7/20,3106,花蓮,統一獅,中信鯨
2002/7/20,4416,台中,興農牛,兄弟象
2002/7/19,2297,花蓮,統一獅,中信鯨
2002/7/19,2357,台中,興農牛,兄弟象
2002/7/14,3019,台中,兄弟象,統一獅
2002/7/13,3734,台中,兄弟象,統一獅
2002/7/13,2555,嘉義市,中信鯨,興農牛
2002/7/12,941,嘉義市,中信鯨,興農牛
2002/7/11,2596,新莊,兄弟象,統一獅
2002/7/11,1028,嘉義市,中信鯨,興農牛
2002/7/7,2076,台南,統一獅,興農牛
2002/7/6,2535,台南,統一獅,興農牛
2002/7/6,4182,天母,兄弟象,中信鯨
2002/7/5,2664,新莊,兄弟象,中信鯨
2002/7/4,1379,台南,統一獅,興農牛
2002/7/3,1705,新竹,兄弟象,中信鯨
2002/6/30,1310,台中,興農牛,中信鯨
2002/6/29,2372,台中,興農牛,中信鯨
2002/6/29,3512,台南,統一獅,兄弟象
2002/6/28,2530,台南,統一獅,兄弟象
2002/6/27,1484,新竹,興農牛,中信鯨
2002/6/27,1785,台南,統一獅,兄弟象
2002/6/20,1523,立德,中信鯨,兄弟象
2002/6/20,1264,台中,興農牛,統一獅
2002/6/19,1709,立德,中信鯨,兄弟象
2002/6/19,1118,台中,興農牛,統一獅
2002/6/18,1240,立德,中信鯨,兄弟象
2002/6/18,1012,台中,興農牛,統一獅
2002/6/16,1268,新莊,兄弟象,中信鯨
2002/6/15,2168,新莊,兄弟象,中信鯨
2002/6/15,1503,台南,統一獅,興農牛
2002/6/14,1053,台南,統一獅,興農牛
2002/6/13,795,新莊,兄弟象,中信鯨
2002/6/12,1043,台南,統一獅,興農牛
2002/6/10,1245,台中,興農牛,兄弟象
2002/6/8,10112,台中,興農牛,兄弟象
2002/6/8,1698,台南,統一獅,中信鯨
2002/6/7,1019,台南,統一獅,中信鯨
2002/6/7,3548,台中,興農牛,兄弟象
2002/6/5,1018,台南,統一獅,中信鯨
2002/6/3,1089,嘉義市,中信鯨,興農牛
2002/6/2,3489,新竹,中信鯨,興農牛
2002/6/2,5306,新莊,兄弟象,統一獅
2002/6/1,7539,天母,兄弟象,統一獅
2002/5/30,1012,嘉義市,中信鯨,興農牛
2002/5/29,2813,新莊,兄弟象,統一獅
2002/5/26,2022,台南,統一獅,興農牛
2002/5/25,3438,台南,統一獅,興農牛
2002/5/25,7500,新莊,兄弟象,中信鯨
2002/5/24,3207,新莊,兄弟象,中信鯨
2002/5/23,1065,台南,統一獅,興農牛
2002/5/22,2777,新莊,兄弟象,中信鯨
2002/5/19,3627,台南,統一獅,兄弟象
2002/5/19,2803,台中,興農牛,中信鯨
2002/5/18,7018,台南,統一獅,兄弟象
2002/5/18,3538,台中,興農牛,中信鯨
2002/5/17,856,台中,興農牛,中信鯨
2002/5/16,2594,台南,統一獅,兄弟象
2002/5/12,2018,台中,興農牛,統一獅
2002/5/11,2613,台中,興農牛,統一獅
2002/5/11,7876,天母,中信鯨,兄弟象
2002/5/10,3792,新莊,中信鯨,兄弟象
2002/5/9,1865,台中,興農牛,統一獅
2002/5/8,2150,立德,中信鯨,兄弟象
2002/5/5,4948,花蓮,兄弟象,興農牛
2002/5/5,3631,台南,中信鯨,統一獅
2002/5/4,5500,花蓮,兄弟象,興農牛
2002/5/4,1403,立德,中信鯨,統一獅
2002/5/3,4306,花蓮,兄弟象,興農牛
2002/5/2,1297,嘉義市,中信鯨,統一獅
2002/4/28,4366,台中,興農牛,兄弟象
2002/4/27,8413,台中,興農牛,兄弟象
2002/4/27,3008,台南,統一獅,中信鯨
2002/4/26,1619,台南,統一獅,中信鯨
2002/4/25,6012,新竹,興農牛,兄弟象
2002/4/24,1165,台南,統一獅,中信鯨
2002/4/21,2122,台中,興農牛,中信鯨
2002/4/20,4560,台中,興農牛,中信鯨
2002/4/20,4873,立德,兄弟象,統一獅
2002/4/19,3312,立德,兄弟象,統一獅
2002/4/18,1260,台中,興農牛,中信鯨
2002/4/17,3045,台中,兄弟象,統一獅
2002/4/14,2233,台南,統一獅,中信鯨
2002/4/13,2602,台南,統一獅,中信鯨
2002/4/13,7071,新莊,兄弟象,興農牛
2002/4/12,4784,新莊,兄弟象,興農牛
2002/4/11,1181,台南,統一獅,中信鯨
2002/4/10,2194,新莊,兄弟象,興農牛
2002/4/7,3727,新莊,兄弟象,中信鯨
2002/4/6,6228,新莊,兄弟象,中信鯨
2002/4/6,3108,台南,統一獅,興農牛
2002/4/5,5258,台南,統一獅,興農牛
2002/4/4,2906,新莊,兄弟象,中信鯨
2002/4/3,1843,台南,統一獅,興農牛
2002/3/31,4018,台中,興農牛,兄弟象
2002/3/30,8352,台中,興農牛,兄弟象
2002/3/30,1321,立德,中信鯨,統一獅
2002/3/29,1103,立德,中信鯨,統一獅
2002/3/28,3720,台中,興農牛,兄弟象
2002/3/27,865,立德,中信鯨,統一獅
2002/3/24,4116,台南,統一獅,兄弟象
2002/3/23,6669,台南,統一獅,兄弟象
2002/3/23,1123,嘉義市,中信鯨,興農牛
2002/3/22,1057,嘉義市,中信鯨,興農牛
2002/3/21,3440,台南,統一獅,兄弟象
2002/3/20,706,嘉義市,中信鯨,興農牛
2002/3/17,2546,新莊,中信鯨,兄弟象
2002/3/16,2083,新莊,中信鯨,兄弟象
2002/3/16,2012,立德,興農牛,統一獅
2002/3/15,1814,立德,興農牛,統一獅
2002/3/15,1495,新莊,中信鯨,兄弟象
2002/3/13,2613,台中,興農牛,統一獅
2002/3/10,1307,台中,中信鯨,興農牛
2002/3/10,5303,新莊,兄弟象,統一獅
2002/3/9,1062,澄清湖,中信鯨,興農牛
2002/3/9,4739,新莊,兄弟象,統一獅
2002/3/8,5020,嘉義市,中信鯨,興農牛
2002/3/8,6250,新莊,兄弟象,統一獅
2001/10/1,991,新竹,和信鯨,兄弟象
2001/10/1,894,新竹,和信鯨,兄弟象
2001/9/30,317,台中,興農牛,統一獅
2001/9/30,227,台中,興農牛,統一獅
2001/9/30,607,新竹,兄弟象,和信鯨
2001/9/29,1156,新竹,和信鯨,兄弟象
2001/9/29,650,新竹,兄弟象,和信鯨
2001/9/28,206,台中,興農牛,統一獅
2001/9/24,720,新莊,兄弟象,興農牛
2001/9/23,6192,台中,興農牛,兄弟象
2001/9/22,3276,台中,興農牛,兄弟象
2001/9/22,1201,台南,統一獅,和信鯨
2001/9/21,953,台南,統一獅,和信鯨
2001/9/20,2014,台中,興農牛,兄弟象
2001/9/20,859,台南,統一獅,和信鯨
2001/9/15,1527,台南,統一獅,興農牛
2001/9/14,1280,台南,統一獅,興農牛
2001/9/13,2267,新莊,兄弟象,和信鯨
2001/9/12,938,台南,統一獅,興農牛
2001/9/9,2821,立德,和信鯨,兄弟象
2001/9/8,2895,立德,和信鯨,兄弟象
2001/9/8,1012,台中,興農牛,統一獅
2001/9/7,717,台中,興農牛,統一獅
2001/9/7,1723,嘉義市,和信鯨,兄弟象
2001/9/5,406,台中,興農牛,統一獅
2001/9/3,1005,嘉義市,和信鯨,統一獅
2001/9/2,1043,嘉義市,和信鯨,統一獅
2001/8/31,1231,新竹,兄弟象,興農牛
2001/8/30,1142,嘉義市,和信鯨,統一獅
2001/8/29,1014,新竹,兄弟象,興農牛
2001/8/26,2632,台南,統一獅,兄弟象
2001/8/25,8111,台南,統一獅,兄弟象
2001/8/25,1215,台中,興農牛,和信鯨
2001/8/24,927,台中,興農牛,和信鯨
2001/8/23,3145,台南,統一獅,兄弟象
2001/8/22,671,台中,興農牛,和信鯨
2001/8/19,2051,台南,統一獅,和信鯨
2001/8/18,1848,台南,統一獅,和信鯨
2001/8/18,3731,台中,興農牛,兄弟象
2001/8/17,3012,台中,興農牛,兄弟象
2001/8/16,1177,立德,統一獅,和信鯨
2001/8/15,2291,新竹,興農牛,兄弟象
2001/8/12,4190,新莊,兄弟象,統一獅
2001/8/12,1268,嘉義市,和信鯨,興農牛
2001/8/11,4264,新莊,兄弟象,統一獅
2001/8/10,1141,嘉義市,和信鯨,興農牛
2001/8/9,2161,新莊,兄弟象,統一獅
2001/8/8,1028,嘉義市,和信鯨,興農牛
2001/8/5,1873,台南,統一獅,興農牛
2001/8/4,2502,台南,統一獅,興農牛
2001/8/4,2313,台中,兄弟象,和信鯨
2001/8/3,2047,台中,兄弟象,和信鯨
2001/8/3,1186,立德,統一獅,興農牛
2001/8/1,1906,新竹,兄弟象,和信鯨
2001/7/29,1113,台中,興農牛,和信鯨
2001/7/28,1341,台中,興農牛,和信鯨
2001/7/28,4185,台南,統一獅,兄弟象
2001/7/27,2166,台南,統一獅,兄弟象
2001/7/26,720,台中,興農牛,和信鯨
2001/7/26,1383,台南,統一獅,兄弟象
2001/7/22,3722,新莊,兄弟象,興農牛
2001/7/21,4416,新莊,兄弟象,興農牛
2001/7/21,2131,嘉義市,和信鯨,統一獅
2001/7/20,1646,嘉義市,和信鯨,統一獅
2001/7/19,1977,新莊,兄弟象,興農牛
2001/7/18,1094,嘉義市,和信鯨,統一獅
2001/7/16,2109,新莊,兄弟象,統一獅
2001/7/13,1341,嘉義市,和信鯨,興農牛
2001/7/12,1261,嘉義市,和信鯨,興農牛
2001/7/12,1920,新莊,兄弟象,統一獅
2001/7/11,1083,嘉義市,和信鯨,興農牛
2001/7/11,1843,新竹,兄弟象,統一獅
2001/7/8,1186,台中,興農牛,統一獅
2001/7/7,863,台中,興農牛,統一獅
2001/7/7,4223,立德,和信鯨,兄弟象
2001/7/6,3148,立德,和信鯨,兄弟象
2001/7/5,769,台中,興農牛,統一獅
2001/7/4,1476,嘉義市,和信鯨,兄弟象
2001/7/1,2170,台中,興農牛,兄弟象
2001/6/30,2088,台中,興農牛,兄弟象
2001/6/30,2275,台南,統一獅,和信鯨
2001/6/29,1373,台南,統一獅,和信鯨
2001/6/28,1927,新竹,興農牛,兄弟象
2001/6/27,1073,台南,統一獅,和信鯨
2001/6/25,1030,嘉義市,和信鯨,興農牛
2001/6/24,2877,台中,和信鯨,興農牛
2001/6/24,1032,台中,兄弟象,統一獅
2001/6/22,1375,台中,兄弟象,統一獅
2001/6/21,1038,嘉義市,和信鯨,興農牛
2001/6/20,1446,新莊,兄弟象,統一獅
2001/6/17,1012,新莊,兄弟象,和信鯨
2001/6/16,1254,新莊,兄弟象,和信鯨
2001/6/16,1180,台南,統一獅,興農牛
2001/6/15,875,台南,統一獅,興農牛
2001/6/14,1022,新莊,兄弟象,和信鯨
2001/6/13,1187,台南,統一獅,興農牛
2001/6/10,1597,台南,統一獅,兄弟象
2001/6/9,2163,台南,統一獅,兄弟象
2001/6/9,926,台中,興農牛,和信鯨
2001/6/8,416,台中,興農牛,和信鯨
2001/6/7,3365,台南,統一獅,兄弟象
2001/6/6,532,台中,興農牛,和信鯨
2001/6/3,1417,嘉義市,和信鯨,統一獅
2001/6/2,1371,嘉義市,和信鯨,統一獅
2001/6/2,2037,立德,兄弟象,興農牛
2001/6/1,1394,立德,兄弟象,興農牛
2001/5/31,1158,嘉義市,和信鯨,統一獅
2001/5/31,857,台南,兄弟象,興農牛
2001/5/27,2548,立德,和信鯨,兄弟象
2001/5/26,5472,立德,和信鯨,兄弟象
2001/5/26,2158,台中,興農牛,統一獅
2001/5/25,1228,台中,興農牛,統一獅
2001/5/24,1717,嘉義市,和信鯨,兄弟象
2001/5/23,562,台中,興農牛,統一獅
2001/5/21,1278,台南,統一獅,和信鯨
2001/5/21,1823,台中,興農牛,兄弟象
2001/5/20,1218,台南,統一獅,和信鯨
2001/5/20,2103,台中,興農牛,兄弟象
2001/5/17,1153,台南,統一獅,和信鯨
2001/5/16,2054,新竹,興農牛,兄弟象
2001/5/13,2021,台中,兄弟象,統一獅
2001/5/12,2812,台中,兄弟象,統一獅
2001/5/12,1179,嘉義市,和信鯨,興農牛
2001/5/11,1068,嘉義市,和信鯨,興農牛
2001/5/10,1116,新竹,兄弟象,統一獅
2001/5/9,750,嘉義市,和信鯨,興農牛
2001/5/6,2186,台南,統一獅,興農牛
2001/5/5,2322,台南,統一獅,興農牛
2001/5/5,3291,新莊,兄弟象,和信鯨
2001/5/4,1650,新莊,兄弟象,和信鯨
2001/5/3,1099,台南,統一獅,興農牛
2001/5/2,992,新竹,兄弟象,和信鯨
2001/4/29,1304,台中,興農牛,和信鯨
2001/4/28,1714,台中,興農牛,和信鯨
2001/4/28,3865,台南,統一獅,兄弟象
2001/4/27,2267,台南,統一獅,兄弟象
2001/4/26,657,台中,興農牛,和信鯨
2001/4/25,2822,立德,統一獅,兄弟象
2001/4/22,1111,新莊,兄弟象,興農牛
2001/4/21,1164,新莊,兄弟象,興農牛
2001/4/21,2071,嘉義市,和信鯨,統一獅
2001/4/20,1043,嘉義市,和信鯨,統一獅
2001/4/19,586,新莊,兄弟象,興農牛
2001/4/18,685,嘉義市,和信鯨,統一獅
2001/4/15,1655,台中,興農牛,統一獅
2001/4/14,2011,台中,興農牛,統一獅
2001/4/14,2254,龍潭,兄弟象,和信鯨
2001/4/13,1007,新竹,兄弟象,和信鯨
2001/4/12,687,台中,興農牛,統一獅
2001/4/12,815,新莊,兄弟象,和信鯨
2001/4/9,1015,台中,興農牛,兄弟象
2001/4/7,3164,台中,興農牛,兄弟象
2001/4/7,5118,台南,統一獅,和信鯨
2001/4/6,1341,台南,統一獅,和信鯨
2001/4/5,2412,台中,興農牛,兄弟象
2001/4/5,1368,台南,統一獅,和信鯨
2001/4/1,1947,嘉義市,和信鯨,興農牛
2001/3/31,1076,嘉義市,和信鯨,興農牛
2001/3/31,3031,新莊,兄弟象,統一獅
2001/3/30,1857,新莊,兄弟象,統一獅
2001/3/29,790,嘉義市,和信鯨,興農牛
2001/3/28,1246,新竹,兄弟象,統一獅
2001/3/25,2683,台南,統一獅,兄弟象
2001/3/24,4535,台南,統一獅,兄弟象
2001/3/24,1853,台中,興農牛,和信鯨
2001/3/23,1214,台中,興農牛,和信鯨
2001/3/22,2135,台南,統一獅,兄弟象
2001/3/21,2132,台中,興農牛,和信鯨
2001/3/18,2302,新竹,兄弟象,興農牛
2001/3/17,6230,新莊,兄弟象,興農牛
2001/3/17,1748,嘉義市,和信鯨,統一獅
2001/3/16,1098,嘉義市,和信鯨,統一獅
2001/3/15,1713,新莊,兄弟象,興農牛
2001/3/14,1657,嘉義市,和信鯨,統一獅
2001/3/11,1033,新莊,和信鯨,兄弟象
2001/3/11,4415,台南,統一獅,興農牛
2001/3/10,2234,新莊,和信鯨,兄弟象
2001/3/10,6162,台南,統一獅,興農牛
2001/3/9,3615,新莊,和信鯨,兄弟象
2001/3/9,6508,台南,統一獅,興農牛
2000/10/8,958,台中,興農牛,統一獅
2000/10/8,2855,嘉義市,和信鯨,兄弟象
2000/10/7,841,台中,興農牛,統一獅
2000/10/7,2769,嘉義市,和信鯨,兄弟象
2000/10/6,565,台中,興農牛,統一獅
2000/10/5,944,嘉義市,和信鯨,兄弟象
2000/10/1,1002,嘉義市,和信鯨,興農牛
2000/10/1,4386,台北市,兄弟象,統一獅
2000/9/30,1014,嘉義市,和信鯨,興農牛
2000/9/30,3019,台北市,兄弟象,統一獅
2000/9/29,898,嘉義市,和信鯨,興農牛
2000/9/28,1052,新竹,兄弟象,統一獅
2000/9/24,1389,台中,興農牛,兄弟象
2000/9/24,2643,台南,統一獅,和信鯨
2000/9/23,1851,台中,興農牛,兄弟象
2000/9/23,2056,台南,統一獅,和信鯨
2000/9/22,1064,台中,興農牛,兄弟象
2000/9/21,1256,台南,統一獅,和信鯨
2000/9/17,1721,台北市,和信鯨,兄弟象
2000/9/17,1210,台中,興農牛,統一獅
2000/9/16,4869,台北市,和信鯨,兄弟象
2000/9/16,1630,台中,興農牛,統一獅
2000/9/15,2637,台北市,和信鯨,兄弟象
2000/9/14,673,台中,興農牛,統一獅
2000/9/10,3018,台南,統一獅,兄弟象
2000/9/10,1016,台中,興農牛,和信鯨
2000/9/9,3090,台南,統一獅,兄弟象
2000/9/9,845,台中,興農牛,和信鯨
2000/9/8,1315,台南,統一獅,兄弟象
2000/9/7,482,台中,興農牛,和信鯨
2000/9/3,1139,嘉義市,和信鯨,統一獅
2000/9/3,1436,新竹,兄弟象,興農牛
2000/9/2,930,嘉義市,和信鯨,統一獅
2000/9/2,2312,台北市,兄弟象,興農牛
2000/9/1,938,嘉義市,和信鯨,統一獅
2000/8/31,966,台北市,兄弟象,興農牛
2000/8/28,1549,台南,統一獅,興農牛
2000/8/27,1864,新莊,兄弟象,和信鯨
2000/8/27,2129,台南,統一獅,興農牛
2000/8/27,1102,新莊,兄弟象,和信鯨
2000/8/26,1599,台南,統一獅,興農牛
2000/8/25,1034,新竹,兄弟象,和信鯨
2000/8/25,925,台南,統一獅,興農牛
2000/8/20,3191,台中,興農牛,兄弟象
2000/8/20,2123,台南,統一獅,和信鯨
2000/8/19,3365,台中,興農牛,兄弟象
2000/8/19,2380,台南,統一獅,和信鯨
2000/8/18,1425,台中,興農牛,兄弟象
2000/8/17,1349,台南,統一獅,和信鯨
2000/8/14,879,台中,興農牛,統一獅
2000/8/13,2161,立德,兄弟象,統一獅
2000/8/13,864,嘉義市,和信鯨,興農牛
2000/8/12,2162,立德,兄弟象,統一獅
2000/8/12,839,嘉義市,和信鯨,興農牛
2000/8/11,1699,立德,兄弟象,統一獅
2000/8/10,851,嘉義市,和信鯨,興農牛
2000/7/30,1005,台北市,兄弟象,和信鯨
2000/7/29,2283,台南,統一獅,興農牛
2000/7/29,1778,台北市,兄弟象,和信鯨
2000/7/29,1051,台南,統一獅,興農牛
2000/7/28,771,台北市,兄弟象,和信鯨
2000/7/27,1329,新竹,兄弟象,和信鯨
2000/7/23,3419,台南,統一獅,兄弟象
2000/7/23,961,台中,興農牛,和信鯨
2000/7/22,3221,台南,統一獅,兄弟象
2000/7/22,1070,台中,興農牛,和信鯨
2000/7/21,2052,台南,統一獅,兄弟象
2000/7/20,821,台中,興農牛,和信鯨
2000/7/16,2397,新莊,兄弟象,興農牛
2000/7/16,785,嘉義市,和信鯨,統一獅
2000/7/15,4000,台北市,兄弟象,興農牛
2000/7/15,925,嘉義市,和信鯨,統一獅
2000/7/14,1385,台北市,兄弟象,興農牛
2000/7/13,787,嘉義市,和信鯨,統一獅
2000/7/10,1038,嘉義市,和信鯨,兄弟象
2000/7/8,1032,台中,興農牛,統一獅
2000/7/8,623,嘉義市,和信鯨,兄弟象
2000/7/8,434,台中,興農牛,統一獅
2000/7/6,681,嘉義市,和信鯨,兄弟象
2000/7/5,523,嘉義市,和信鯨,興農牛
2000/7/2,1597,台中,興農牛,兄弟象
2000/7/2,2159,台南,統一獅,和信鯨
2000/7/1,1610,台中,興農牛,兄弟象
2000/7/1,1276,台南,統一獅,和信鯨
2000/6/30,1443,台中,興農牛,兄弟象
2000/6/29,1166,台南,統一獅,和信鯨
2000/6/27,527,台北市,兄弟象,和信鯨
2000/6/25,1649,台北市,兄弟象,統一獅
2000/6/24,678,嘉義市,和信鯨,興農牛
2000/6/24,1499,台北市,兄弟象,統一獅
2000/6/23,4169,台中,和信鯨,興農牛
2000/6/22,716,新莊,兄弟象,統一獅
2000/6/20,856,台南,統一獅,兄弟象
2000/6/18,1123,台南,統一獅,興農牛
2000/6/18,474,台北市,兄弟象,和信鯨
2000/6/17,738,台南,統一獅,興農牛
2000/6/15,579,台南,統一獅,興農牛
2000/6/11,526,台中,興農牛,和信鯨
2000/6/10,1749,台南,統一獅,兄弟象
2000/6/10,3142,台中,興農牛,和信鯨
2000/6/9,1278,台南,統一獅,兄弟象
2000/6/8,1018,台中,興農牛,和信鯨
2000/6/4,1030,嘉義市,和信鯨,統一獅
2000/6/4,1639,新竹,兄弟象,興農牛
2000/6/3,1055,嘉義市,和信鯨,統一獅
2000/6/3,2109,新竹,兄弟象,興農牛
2000/6/2,693,嘉義市,和信鯨,統一獅
2000/6/1,1306,台北市,兄弟象,興農牛
2000/5/28,2319,立德,和信鯨,兄弟象
2000/5/28,1230,台中,興農牛,統一獅
2000/5/27,4976,立德,和信鯨,兄弟象
2000/5/27,1687,台中,興農牛,統一獅
2000/5/26,1256,立德,和信鯨,兄弟象
2000/5/25,1023,台中,興農牛,統一獅
2000/5/23,1393,新莊,兄弟象,興農牛
2000/5/21,2113,台中,興農牛,兄弟象
2000/5/21,2209,台南,統一獅,和信鯨
2000/5/20,2014,台中,興農牛,兄弟象
2000/5/20,1109,台南,統一獅,和信鯨
2000/5/19,1347,台中,興農牛,兄弟象
2000/5/18,1196,台南,統一獅,和信鯨
2000/5/14,2045,台北市,兄弟象,統一獅
2000/5/14,863,嘉義市,和信鯨,興農牛
2000/5/13,3272,台北市,兄弟象,統一獅
2000/5/13,850,嘉義市,和信鯨,興農牛
2000/5/12,1468,台北市,兄弟象,統一獅
2000/5/11,680,嘉義市,和信鯨,興農牛
2000/5/9,886,台中,興農牛,和信鯨
2000/5/7,2716,台南,統一獅,興農牛
2000/5/7,1886,新莊,兄弟象,和信鯨
2000/5/6,2523,台南,統一獅,興農牛
2000/5/6,2392,新莊,兄弟象,和信鯨
2000/5/5,1281,台南,統一獅,興農牛
2000/5/4,1189,台北市,兄弟象,和信鯨
2000/4/30,3046,台南,統一獅,兄弟象
2000/4/30,584,台中,興農牛,和信鯨
2000/4/29,3131,台南,統一獅,兄弟象
2000/4/28,1116,台南,統一獅,兄弟象
2000/4/27,763,台中,興農牛,和信鯨
2000/4/23,1034,嘉義市,和信鯨,統一獅
2000/4/22,3572,台北市,兄弟象,興農牛
2000/4/22,4471,嘉義市,和信鯨,統一獅
2000/4/21,2541,台北市,兄弟象,興農牛
2000/4/20,636,嘉義市,和信鯨,統一獅
2000/4/16,1347,台中,興農牛,統一獅
2000/4/16,1854,嘉義市,和信鯨,兄弟象
2000/4/15,833,台中,興農牛,統一獅
2000/4/15,830,嘉義市,和信鯨,兄弟象
2000/4/14,1081,台中,興農牛,統一獅
2000/4/13,1355,嘉義市,和信鯨,兄弟象
2000/4/9,3751,台中,興農牛,兄弟象
2000/4/9,2006,台南,統一獅,和信鯨
2000/4/8,3638,台中,興農牛,兄弟象
2000/4/8,2067,台南,統一獅,和信鯨
2000/4/7,3142,台中,興農牛,兄弟象
2000/4/6,1593,台南,統一獅,和信鯨
2000/4/3,3338,台北市,兄弟象,統一獅
2000/4/2,1580,嘉義市,和信鯨,興農牛
2000/4/2,3027,新莊,兄弟象,統一獅
2000/4/2,488,嘉義市,和信鯨,興農牛
2000/3/31,1067,嘉義市,和信鯨,興農牛
2000/3/30,1660,台北市,兄弟象,統一獅
2000/3/26,1384,新莊,兄弟象,和信鯨
2000/3/26,2155,台南,統一獅,興農牛
2000/3/25,1819,新莊,兄弟象,和信鯨
2000/3/25,2282,台南,統一獅,興農牛
2000/3/24,1038,台北市,兄弟象,和信鯨
2000/3/23,1317,台南,統一獅,興農牛
2000/3/21,2006,台北市,兄弟象,興農牛
2000/3/19,3161,台南,統一獅,兄弟象
2000/3/19,2498,台中,興農牛,和信鯨
2000/3/18,2668,台南,統一獅,兄弟象
2000/3/18,846,台中,興農牛,和信鯨
2000/3/17,3318,台南,統一獅,兄弟象
2000/3/16,2174,台中,興農牛,和信鯨
2000/3/13,1399,台北市,兄弟象,興農牛
2000/3/13,613,嘉義市,和信鯨,統一獅
2000/3/12,1896,新莊,兄弟象,興農牛
2000/3/12,1159,嘉義市,和信鯨,統一獅
2000/3/11,2010,嘉義市,和信鯨,統一獅
1999/10/24,924,台北市,兄弟象,三商虎
1999/10/24,881,台南,統一獅,興農牛
1999/10/23,659,台北市,兄弟象,三商虎
1999/10/23,1226,台南,統一獅,興農牛
1999/10/23,761,台南,統一獅,和信鯨
1999/10/22,380,台北市,兄弟象,三商虎
1999/10/22,859,台南,統一獅,興農牛
1999/10/21,830,嘉義市,和信鯨,味全龍
1999/10/20,407,台中,兄弟象,三商虎
1999/10/20,751,嘉義市,和信鯨,味全龍
1999/10/19,662,嘉義市,和信鯨,味全龍
1999/10/18,113,新莊,三商虎,興農牛
1999/10/17,1151,台南,統一獅,味全龍
1999/10/17,1748,嘉義市,和信鯨,兄弟象
1999/10/16,1163,台南,統一獅,味全龍
1999/10/16,1665,嘉義市,和信鯨,兄弟象
1999/10/15,1045,台南,統一獅,味全龍
1999/10/15,3180,嘉義市,和信鯨,兄弟象
1999/10/14,153,新莊,三商虎,興農牛
1999/10/13,1053,台南,統一獅,味全龍
1999/10/13,153,新莊,三商虎,興農牛
1999/10/12,162,新莊,三商虎,興農牛
1999/10/11,352,新莊,味全龍,三商虎
1999/10/11,241,台北市,兄弟象,和信鯨
1999/10/10,625,台中,興農牛,統一獅
1999/10/10,587,新竹,味全龍,三商虎
1999/10/9,452,台中,興農牛,統一獅
1999/10/9,609,新莊,味全龍,三商虎
1999/10/8,312,台中,興農牛,統一獅
1999/10/7,202,台北市,和信鯨,兄弟象
1999/10/6,168,嘉義市,興農牛,統一獅
1999/10/6,201,新莊,和信鯨,兄弟象
1999/10/5,184,新莊,和信鯨,兄弟象
1999/10/4,116,新莊,三商虎,味全龍
1999/10/4,176,台北市,兄弟象,統一獅
1999/9/20,486,台中,興農牛,味全龍
1999/9/20,101,台北市,三商虎,和信鯨
1999/9/19,1397,新莊,味全龍,和信鯨
1999/9/19,1027,台中,興農牛,兄弟象
1999/9/18,1284,台南,統一獅,三商虎
1999/9/5,1542,新莊,味全龍,三商虎
1999/9/5,1677,台南,兄弟象,統一獅
1999/9/4,1163,新莊,味全龍,三商虎
1999/9/4,2352,台南,兄弟象,統一獅
1999/9/3,883,新莊,味全龍,三商虎
1999/9/3,1205,立德,兄弟象,統一獅
1999/9/2,811,台中,興農牛,和信鯨
1999/9/2,1084,台南,兄弟象,統一獅
1999/9/1,862,新莊,味全龍,三商虎
1999/9/1,609,台中,興農牛,和信鯨
1999/8/31,576,台中,興農牛,和信鯨
1999/8/30,1462,台北市,兄弟象,味全龍
1999/8/30,758,台中,興農牛,統一獅
1999/8/29,1281,嘉義市,和信鯨,三商虎
1999/8/28,1522,嘉義市,和信鯨,三商虎
1999/8/28,3086,台北市,兄弟象,味全龍
1999/8/27,1428,嘉義市,和信鯨,三商虎
1999/8/27,1423,新竹,兄弟象,味全龍
1999/8/26,715,台中,興農牛,統一獅
1999/8/25,1228,嘉義市,和信鯨,三商虎
1999/8/25,701,台中,興農牛,統一獅
1999/8/23,1151,台南,統一獅,味全龍
1999/8/22,1023,新竹,兄弟象,興農牛
1999/8/22,1247,台中,三商虎,味全龍
1999/8/21,1034,新竹,兄弟象,興農牛
1999/8/20,1081,台中,兄弟象,興農牛
1999/8/20,684,嘉義市,三商虎,味全龍
1999/8/19,3517,立德,和信鯨,統一獅
1999/8/18,1064,台中,兄弟象,興農牛
1999/8/18,822,立德,和信鯨,統一獅
1999/8/17,5814,澄清湖,和信鯨,統一獅
1999/8/16,978,新莊,兄弟象,三商虎
1999/8/16,1583,台南,統一獅,味全龍
1999/8/15,1223,台中,興農牛,味全龍
1999/8/15,901,台北市,和信鯨,三商虎
1999/8/14,1146,台中,興農牛,味全龍
1999/8/14,3080,台北市,和信鯨,三商虎
1999/8/13,958,台中,興農牛,味全龍
1999/8/13,612,新莊,和信鯨,三商虎
1999/8/12,1569,新莊,兄弟象,統一獅
1999/8/10,1209,台北市,兄弟象,統一獅
1999/8/9,381,台北市,三商虎,統一獅
1999/8/9,563,台北市,三商虎,統一獅
1999/8/6,1057,新莊,味全龍,和信鯨
1999/8/6,1132,台中,興農牛,兄弟象
1999/8/5,1182,台中,興農牛,兄弟象
1999/8/5,817,新莊,味全龍,和信鯨
1999/8/4,1502,台南,統一獅,三商虎
1999/8/3,1265,台南,統一獅,三商虎
1999/8/1,1212,台北市,三商虎,興農牛
1999/8/1,2348,新竹,味全龍,兄弟象
1999/7/31,1089,台北市,三商虎,興農牛
1999/7/31,2267,新竹,味全龍,兄弟象
1999/7/30,1886,新竹,味全龍,兄弟象
1999/7/29,2207,台南,統一獅,和信鯨
1999/7/28,559,新莊,三商虎,興農牛
1999/7/28,1515,台南,統一獅,和信鯨
1999/7/26,1016,新莊,三商虎,兄弟象
1999/7/24,1706,嘉義市,和信鯨,興農牛
1999/7/24,4313,台南,統一獅,味全龍
1999/7/23,1245,嘉義市,和信鯨,興農牛
1999/7/23,2718,台南,統一獅,味全龍
1999/7/22,2167,新莊,兄弟象,三商虎
1999/7/22,1099,嘉義市,和信鯨,興農牛
1999/7/21,1521,新莊,兄弟象,三商虎
1999/7/18,2793,台南,兄弟象,統一獅
1999/7/18,844,台北市,三商虎,和信鯨
1999/7/17,853,台北市,三商虎,和信鯨
1999/7/16,822,嘉義市,兄弟象,統一獅
1999/7/16,821,台北市,三商虎,和信鯨
1999/7/15,958,台中,興農牛,味全龍
1999/7/14,991,嘉義市,兄弟象,統一獅
1999/7/14,1136,台中,興農牛,味全龍
1999/7/13,1068,台中,興農牛,味全龍
1999/7/11,2266,嘉義市,和信鯨,味全龍
1999/7/11,1131,台南,三商虎,統一獅
1999/7/10,4140,嘉義市,和信鯨,味全龍
1999/7/10,2047,台南,三商虎,統一獅
1999/7/9,3069,嘉義市,和信鯨,味全龍
1999/7/9,816,屏東,三商虎,統一獅
1999/7/8,1291,台中,兄弟象,興農牛
1999/7/7,691,屏東,和信鯨,味全龍
1999/7/7,1604,台中,兄弟象,興農牛
1999/7/6,1282,台中,兄弟象,興農牛
1999/7/4,2181,新竹,兄弟象,味全龍
1999/7/4,3435,台南,統一獅,三商虎
1999/7/3,2886,台北市,兄弟象,味全龍
1999/7/3,2110,台南,統一獅,三商虎
1999/7/2,2040,台北市,兄弟象,味全龍
1999/7/2,3220,台南,統一獅,三商虎
1999/7/1,3989,嘉義市,和信鯨,興農牛
1999/7/1,2643,台北市,兄弟象,味全龍
1999/6/30,1719,嘉義市,和信鯨,興農牛
1999/6/29,1698,嘉義市,和信鯨,興農牛
1999/6/27,1533,台北市,兄弟象,和信鯨
1999/6/27,1161,台中,興農牛,三商虎
1999/6/26,2279,台北市,兄弟象,和信鯨
1999/6/26,1380,台中,興農牛,三商虎
1999/6/26,1079,台北市,兄弟象,和信鯨
1999/6/25,832,台中,興農牛,三商虎
1999/6/24,2946,台南,統一獅,味全龍
1999/6/23,1421,台北市,兄弟象,和信鯨
1999/6/23,2376,台南,統一獅,味全龍
1999/6/21,1021,台中,興農牛,兄弟象
1999/6/20,2600,嘉義市,和信鯨,味全龍
1999/6/20,604,台北市,三商虎,統一獅
1999/6/19,3609,嘉義市,和信鯨,味全龍
1999/6/18,3004,嘉義市,和信鯨,味全龍
1999/6/16,843,台北市,三商虎,統一獅
1999/6/16,1204,台中,興農牛,兄弟象
1999/6/15,1035,台中,興農牛,兄弟象
1999/6/13,1544,嘉義市,味全龍,統一獅
1999/6/13,749,台中,三商虎,興農牛
1999/6/12,1979,台中,味全龍,統一獅
1999/6/12,1070,嘉義市,三商虎,興農牛
1999/6/11,1499,台中,味全龍,統一獅
1999/6/11,618,台南,三商虎,興農牛
1999/6/10,1136,屏東,兄弟象,和信鯨
1999/6/9,1097,台中,味全龍,統一獅
1999/6/9,1153,嘉義市,兄弟象,和信鯨
1999/6/8,1032,嘉義市,兄弟象,和信鯨
1999/6/6,927,台中,興農牛,統一獅
1999/6/5,890,立德,三商虎,和信鯨
1999/6/5,1306,台中,興農牛,統一獅
1999/6/4,817,立德,三商虎,和信鯨
1999/6/4,819,台中,興農牛,統一獅
1999/6/3,3191,台北市,味全龍,兄弟象
1999/6/3,2108,台南,統一獅,興農牛
1999/6/2,693,台南,三商虎,和信鯨
1999/6/2,2695,新竹,味全龍,兄弟象
1999/6/1,2139,台北市,味全龍,兄弟象
1999/5/30,3008,嘉義市,和信鯨,統一獅
1999/5/30,769,台中,興農牛,味全龍
1999/5/29,4522,嘉義市,和信鯨,統一獅
1999/5/29,1506,台中,興農牛,味全龍
1999/5/29,1750,嘉義市,和信鯨,統一獅
1999/5/29,527,台中,興農牛,味全龍
1999/5/26,4005,嘉義市,和信鯨,統一獅
1999/5/26,1514,新莊,三商虎,兄弟象
1999/5/25,1064,台北市,三商虎,兄弟象
1999/5/23,4285,台南,統一獅,三商虎
1999/5/23,2015,台北市,兄弟象,興農牛
1999/5/22,5151,台南,統一獅,三商虎
1999/5/22,3945,台北市,兄弟象,興農牛
1999/5/22,1333,台北市,味全龍,和信鯨
1999/5/21,3381,台南,統一獅,三商虎
1999/5/21,1596,台北市,兄弟象,興農牛
1999/5/20,1107,新莊,味全龍,和信鯨
1999/5/19,1583,立德,統一獅,三商虎
1999/5/18,1089,台北市,味全龍,和信鯨
1999/5/17,3002,新莊,味全龍,兄弟象
1999/5/16,1588,台中,興農牛,和信鯨
1999/5/16,2341,新莊,兄弟象,三商虎
1999/5/15,1533,台中,興農牛,和信鯨
1999/5/15,3325,新莊,兄弟象,三商虎
1999/5/14,1309,台中,興農牛,和信鯨
1999/5/14,1712,新竹,兄弟象,三商虎
1999/5/13,1644,新竹,味全龍,統一獅
1999/5/12,1022,嘉義市,興農牛,和信鯨
1999/5/12,1321,台中,味全龍,統一獅
1999/5/11,1204,台中,味全龍,統一獅
1999/5/8,1688,立德,統一獅,興農牛
1999/5/8,2023,台北市,兄弟象,和信鯨
1999/5/8,1051,台北市,味全龍,三商虎
1999/5/7,1268,立德,統一獅,興農牛
1999/5/7,1171,新竹,兄弟象,和信鯨
1999/5/6,808,新莊,味全龍,三商虎
1999/5/5,1839,台南,統一獅,興農牛
1999/5/4,569,新莊,味全龍,三商虎
1999/5/2,586,台中,興農牛,和信鯨
1999/5/1,4027,立德,味全龍,兄弟象
1999/5/1,694,台中,興農牛,和信鯨
1999/5/1,2028,立德,味全龍,兄弟象
1999/4/30,298,台中,興農牛,和信鯨
1999/4/29,762,新莊,三商虎,統一獅
1999/4/28,2031,屏東,味全龍,兄弟象
1999/4/28,757,新莊,三商虎,統一獅
1999/4/27,748,新莊,三商虎,統一獅
1999/4/25,2264,台中,興農牛,三商虎
1999/4/25,4180,台南,統一獅,和信鯨
1999/4/24,2583,台中,興農牛,三商虎
1999/4/24,6116,台南,統一獅,和信鯨
1999/4/23,2101,台中,興農牛,三商虎
1999/4/23,3156,台南,統一獅,和信鯨
1999/4/22,3728,新莊,兄弟象,味全龍
1999/4/21,1062,屏東,興農牛,三商虎
1999/4/21,2133,新莊,兄弟象,味全龍
1999/4/20,3052,新莊,兄弟象,味全龍
1999/4/18,6708,台南,統一獅,兄弟象
1999/4/18,2124,新莊,味全龍,興農牛
1999/4/17,10028,台南,統一獅,兄弟象
1999/4/17,1712,新莊,味全龍,興農牛
1999/4/17,2406,新莊,味全龍,興農牛
1999/4/16,4018,台南,統一獅,兄弟象
1999/4/16,1443,新莊,味全龍,興農牛
1999/4/15,521,新莊,三商虎,和信鯨
1999/4/14,3564,台南,統一獅,兄弟象
1999/4/14,438,台北市,三商虎,和信鯨
1999/4/13,413,新莊,三商虎,和信鯨
1999/4/11,3023,台北市,三商虎,兄弟象
1999/4/11,1693,台中,味全龍,和信鯨
1999/4/10,4352,台北市,三商虎,兄弟象
1999/4/10,1687,台中,味全龍,和信鯨
1999/4/9,2610,台北市,三商虎,兄弟象
1999/4/9,1551,台中,味全龍,和信鯨
1999/4/8,3557,台南,統一獅,興農牛
1999/4/7,2572,新莊,三商虎,兄弟象
1999/4/7,3720,台南,統一獅,興農牛
1999/4/6,4128,台南,統一獅,興農牛
1999/4/4,3726,台中,興農牛,兄弟象
1999/4/4,2725,台北市,和信鯨,統一獅
1999/4/3,3127,台中,興農牛,兄弟象
1999/4/3,1474,新莊,和信鯨,統一獅
1999/4/2,2432,台中,興農牛,兄弟象
1999/4/2,1070,新莊,和信鯨,統一獅
1999/4/1,1092,新莊,三商虎,味全龍
1999/3/31,2311,台中,興農牛,兄弟象
1999/3/31,1063,新莊,三商虎,味全龍
1999/3/30,805,新莊,三商虎,味全龍
1999/3/28,4492,嘉義市,和信鯨,兄弟象
1999/3/28,1661,新竹,味全龍,統一獅
1999/3/27,5330,嘉義市,和信鯨,兄弟象
1999/3/27,2084,新竹,味全龍,統一獅
1999/3/26,4599,嘉義市,和信鯨,兄弟象
1999/3/26,2204,新竹,味全龍,統一獅
1999/3/25,1239,台中,興農牛,三商虎
1999/3/24,6252,嘉義市,和信鯨,兄弟象
1999/3/24,1483,台中,興農牛,三商虎
1999/3/23,2168,台中,興農牛,三商虎
1999/3/21,855,台北市,味全龍,興農牛
1999/3/21,7153,台南,統一獅,兄弟象
1999/3/20,1554,台北市,味全龍,興農牛
1999/3/20,8822,台南,統一獅,兄弟象
1999/3/19,8118,台南,統一獅,兄弟象
1999/3/18,1040,新莊,和信鯨,三商虎
1999/3/17,1066,台北市,和信鯨,三商虎
1999/3/16,2622,台北市,和信鯨,三商虎
1999/3/14,1514,新莊,味全龍,興農牛
1998/10/27,472,新莊,和信鯨,三商虎
1998/10/27,386,立德,味全龍,統一獅
1998/10/25,1899,台中,興農牛,三商虎
1998/10/25,3108,台南,統一獅,兄弟象
1998/10/24,2983,台中,興農牛,三商虎
1998/10/24,2176,台南,統一獅,兄弟象
1998/10/23,1916,台中,興農牛,三商虎
1998/10/23,3095,台南,統一獅,兄弟象
1998/10/22,2548,新莊,和信鯨,味全龍
1998/10/21,1328,新莊,和信鯨,味全龍
1998/10/20,1058,新莊,和信鯨,味全龍
1998/10/18,990,台北市,兄弟象,興農牛
1998/10/18,1093,立德,味全龍,三商虎
1998/10/18,644,台北市,兄弟象,興農牛
1998/10/18,806,立德,味全龍,三商虎
1998/10/17,948,台北市,兄弟象,興農牛
1998/10/17,816,立德,味全龍,三商虎
1998/10/17,519,立德,和信鯨,統一獅
1998/10/14,601,立德,和信鯨,統一獅
1998/10/13,1637,立德,和信鯨,統一獅
1998/10/13,728,台北市,味全龍,三商虎
1998/10/11,1233,新莊,兄弟象,和信鯨
1998/10/11,989,台中,三商虎,統一獅
1998/10/10,1121,新莊,兄弟象,和信鯨
1998/10/10,1233,台中,三商虎,統一獅
1998/10/9,816,新莊,兄弟象,和信鯨
1998/10/9,842,台中,三商虎,統一獅
1998/10/8,927,台中,興農牛,味全龍
1998/10/7,898,台中,興農牛,味全龍
1998/10/7,355,台北市,和信鯨,三商虎
1998/10/6,761,台中,興農牛,味全龍
1998/10/5,1463,台中,味全龍,統一獅
1998/10/4,2961,台南,統一獅,興農牛
1998/10/3,3558,台南,統一獅,興農牛
1998/10/2,1837,新莊,和信鯨,三商虎
1998/10/2,1787,台南,統一獅,興農牛
1998/10/1,1191,台中,味全龍,兄弟象
1998/9/30,902,台中,味全龍,兄弟象
1998/9/29,803,台中,味全龍,兄弟象
1998/9/28,523,台中,興農牛,統一獅
1998/9/27,1417,台中,興農牛,和信鯨
1998/9/26,1498,台中,興農牛,和信鯨
1998/9/25,1090,台北市,味全龍,統一獅
1998/9/25,1344,台中,興農牛,和信鯨
1998/9/24,1080,立德,三商虎,兄弟象
1998/9/23,1176,立德,三商虎,兄弟象
1998/9/22,1113,立德,三商虎,兄弟象
1998/9/22,629,台北市,味全龍,和信鯨
1998/9/20,1588,台北市,三商虎,統一獅
1998/9/20,8041,嘉義市,和信鯨,兄弟象
1998/9/19,1349,台北市,三商虎,統一獅
1998/9/19,7591,嘉義市,和信鯨,兄弟象
1998/9/18,1093,台北市,三商虎,統一獅
1998/9/18,10000,嘉義市,和信鯨,兄弟象
1998/9/17,1686,台中,興農牛,味全龍
1998/9/16,1345,台中,興農牛,味全龍
1998/9/15,1635,台中,興農牛,味全龍
1998/9/13,1191,新竹,兄弟象,興農牛
1998/9/13,3061,台南,統一獅,和信鯨
1998/9/12,1423,新竹,兄弟象,興農牛
1998/9/12,2568,台南,統一獅,和信鯨
1998/9/12,1327,台南,統一獅,和信鯨
1998/9/11,1080,新竹,兄弟象,興農牛
1998/9/10,1216,台北市,味全龍,三商虎
1998/9/9,883,台北市,味全龍,三商虎
1998/9/7,534,台北市,兄弟象,三商虎
1998/9/6,1822,台北市,味全龍,兄弟象
1998/9/5,1381,台北市,味全龍,兄弟象
1998/9/5,1690,台中,興農牛,統一獅
1998/9/4,1455,台北市,味全龍,兄弟象
1998/9/4,1518,台中,興農牛,統一獅
1998/9/3,610,立德,三商虎,和信鯨
1998/9/2,620,立德,三商虎,和信鯨
1998/9/1,614,立德,三商虎,和信鯨
1998/8/31,1230,台中,兄弟象,三商虎
1998/8/31,585,立德,味全龍,和信鯨
1998/8/30,1083,台中,兄弟象,三商虎
1998/8/30,3898,台南,統一獅,味全龍
1998/8/29,2187,台南,統一獅,味全龍
1998/8/28,2986,台南,統一獅,味全龍
1998/8/27,880,台北市,和信鯨,興農牛
1998/8/27,2061,立德,統一獅,兄弟象
1998/8/26,2076,台北市,和信鯨,興農牛
1998/8/25,946,台北市,和信鯨,興農牛
1998/8/23,1247,台北市,三商虎,興農牛
1998/8/23,1060,立德,和信鯨,味全龍
1998/8/22,1048,台北市,三商虎,興農牛
1998/8/22,1094,立德,和信鯨,味全龍
1998/8/22,2138,立德,統一獅,兄弟象
1998/8/21,1088,台北市,三商虎,興農牛
1998/8/21,1027,立德,和信鯨,味全龍
1998/8/20,1958,新莊,兄弟象,統一獅
1998/8/19,1644,新莊,兄弟象,統一獅
1998/8/18,1577,新莊,兄弟象,統一獅
1998/8/18,804,台中,興農牛,和信鯨
1998/8/16,1554,台北市,三商虎,味全龍
1998/8/16,2552,台南,和信鯨,統一獅
1998/8/15,1379,台北市,三商虎,味全龍
1998/8/15,2490,台南,和信鯨,統一獅
1998/8/15,889,台北市,三商虎,味全龍
1998/8/14,2207,台南,和信鯨,統一獅
1998/8/13,1517,台中,興農牛,兄弟象
1998/8/12,1599,台中,興農牛,兄弟象
1998/8/11,1501,台中,興農牛,兄弟象
1998/8/10,910,台北市,兄弟象,和信鯨
1998/8/9,3290,台中,興農牛,味全龍
1998/8/9,3805,台南,統一獅,三商虎
1998/8/8,2088,台中,興農牛,味全龍
1998/8/8,4136,台南,統一獅,三商虎
1998/8/7,2192,台中,興農牛,味全龍
1998/8/7,2566,台南,統一獅,三商虎
1998/8/6,834,台北市,兄弟象,和信鯨
1998/8/5,1161,台北市,兄弟象,和信鯨
1998/8/3,857,台中,興農牛,三商虎
1998/8/2,1537,台北市,味全龍,和信鯨
1998/8/2,2399,台中,兄弟象,統一獅
1998/8/1,1417,台北市,味全龍,和信鯨
1998/8/1,2842,台中,兄弟象,統一獅
1998/7/31,1388,台北市,味全龍,和信鯨
1998/7/31,2174,台中,兄弟象,統一獅
1998/7/30,1589,台中,興農牛,三商虎
1998/7/29,1104,台中,興農牛,三商虎
1998/7/28,1103,台中,興農牛,三商虎
1998/7/28,1581,台南,統一獅,和信鯨
1998/7/26,3608,台北市,兄弟象,味全龍
1998/7/26,1045,立德,和信鯨,三商虎
1998/7/25,5049,台北市,兄弟象,味全龍
1998/7/25,4433,立德,和信鯨,三商虎
1998/7/24,2856,台北市,兄弟象,味全龍
1998/7/24,2049,立德,和信鯨,三商虎
1998/7/23,2825,台南,統一獅,興農牛
1998/7/22,2319,台南,統一獅,興農牛
1998/7/21,2460,台南,統一獅,興農牛
1998/7/21,1292,新莊,和信鯨,兄弟象
1998/7/19,2159,台北市,三商虎,兄弟象
1998/7/19,1811,台中,興農牛,和信鯨
1998/7/18,2697,台北市,三商虎,兄弟象
1998/7/18,1551,台中,興農牛,和信鯨
1998/7/17,1593,台北市,三商虎,兄弟象
1998/7/17,1032,台中,興農牛,和信鯨
1998/7/13,1021,新莊,兄弟象,興農牛
1998/7/12,1186,立德,三商虎,味全龍
1998/7/11,2080,新莊,兄弟象,興農牛
1998/7/11,1899,立德,三商虎,味全龍
1998/7/10,2234,新莊,兄弟象,興農牛
1998/7/10,1068,立德,三商虎,味全龍
1998/7/8,2310,台南,統一獅,和信鯨
1998/7/7,1171,台南,統一獅,和信鯨
1998/7/5,2403,台中,味全龍,興農牛
1998/7/4,2848,新莊,和信鯨,兄弟象
1998/7/4,2231,台中,味全龍,興農牛
1998/7/3,2148,新莊,和信鯨,兄弟象
1998/7/3,1866,台中,味全龍,興農牛
1998/7/2,1340,立德,統一獅,三商虎
1998/7/1,1071,立德,統一獅,三商虎
1998/6/30,1103,立德,統一獅,三商虎
1998/6/29,855,台北市,味全龍,和信鯨
1998/6/28,822,台南,三商虎,興農牛
1998/6/28,3116,台北市,兄弟象,統一獅
1998/6/28,2152,台北市,和信鯨,味全龍
1998/6/27,684,台南,三商虎,興農牛
1998/6/27,3583,台北市,兄弟象,統一獅
1998/6/27,1015,台北市,和信鯨,味全龍
1998/6/26,704,台南,三商虎,興農牛
1998/6/26,1869,台北市,兄弟象,統一獅
1998/6/25,983,台北市,和信鯨,味全龍
1998/6/23,2091,立德,統一獅,兄弟象
1998/6/21,2115,台中,興農牛,統一獅
1998/6/21,1084,新莊,三商虎,和信鯨
1998/6/20,2017,台中,興農牛,統一獅
1998/6/20,954,新莊,三商虎,和信鯨
1998/6/19,1614,台中,興農牛,統一獅
1998/6/19,725,新莊,三商虎,和信鯨
1998/6/18,4013,新莊,味全龍,兄弟象
1998/6/17,2952,新莊,味全龍,兄弟象
1998/6/16,5015,新莊,味全龍,兄弟象
1998/6/15,572,新莊,和信鯨,興農牛
1998/6/14,1575,新莊,和信鯨,興農牛
1998/6/14,3568,台南,統一獅,味全龍
1998/6/14,2056,新莊,兄弟象,三商虎
1998/6/13,1803,新莊,和信鯨,興農牛
1998/6/13,3807,台南,統一獅,味全龍
1998/6/13,2199,新莊,兄弟象,三商虎
1998/6/12,985,新莊,和信鯨,興農牛
1998/6/12,1358,台南,統一獅,味全龍
1998/6/9,995,台北市,兄弟象,三商虎
1998/6/6,617,台中,興農牛,三商虎
1998/6/5,551,台中,興農牛,三商虎
1998/6/2,825,台北市,興農牛,和信鯨
1998/6/1,1312,台北市,味全龍,三商虎
1998/5/31,2603,台北市,和信鯨,統一獅
1998/5/31,3127,台中,興農牛,兄弟象
1998/5/30,3471,台北市,和信鯨,統一獅
1998/5/30,4621,台中,興農牛,兄弟象
1998/5/29,1056,台北市,和信鯨,統一獅
1998/5/29,2111,台中,興農牛,兄弟象
1998/5/28,1572,台中,三商虎,味全龍
1998/5/27,1551,台中,三商虎,味全龍
1998/5/26,1654,台中,三商虎,味全龍
1998/5/24,3320,新竹,兄弟象,味全龍
1998/5/24,1822,立德,興農牛,統一獅
1998/5/23,4111,新竹,兄弟象,味全龍
1998/5/23,1237,立德,興農牛,統一獅
1998/5/22,2773,新竹,兄弟象,味全龍
1998/5/22,1068,立德,興農牛,統一獅
1998/5/21,816,立德,和信鯨,三商虎
1998/5/20,1041,立德,和信鯨,三商虎
1998/5/19,880,立德,和信鯨,三商虎
1998/5/18,986,台中,兄弟象,和信鯨
1998/5/17,3935,台南,統一獅,三商虎
1998/5/16,3198,台南,統一獅,三商虎
1998/5/16,2411,台中,兄弟象,和信鯨
1998/5/15,1369,台南,統一獅,三商虎
1998/5/15,1067,台中,兄弟象,和信鯨
1998/5/14,1012,台中,味全龍,興農牛
1998/5/13,1480,台中,味全龍,興農牛
1998/5/12,1418,台中,味全龍,興農牛
1998/5/10,3873,新莊,三商虎,兄弟象
1998/5/10,3721,台南,統一獅,味全龍
1998/5/10,2558,台南,統一獅,味全龍
1998/5/9,4014,新莊,三商虎,兄弟象
1998/5/8,3079,新莊,三商虎,兄弟象
1998/5/8,2736,台南,統一獅,味全龍
1998/5/7,882,台北市,興農牛,和信鯨
1998/5/5,886,立德,三商虎,統一獅
1998/5/3,2358,立德,統一獅,和信鯨
1998/5/2,2831,立德,統一獅,和信鯨
1998/5/2,2421,台中,味全龍,三商虎
1998/5/1,2625,立德,統一獅,和信鯨
1998/5/1,2732,台中,味全龍,三商虎
1998/4/30,2424,台中,兄弟象,興農牛
1998/4/29,1971,台中,兄弟象,興農牛
1998/4/28,1943,台中,兄弟象,興農牛
1998/4/27,901,台北市,三商虎,和信鯨
1998/4/26,1089,台北市,三商虎,和信鯨
1998/4/26,4852,立德,味全龍,兄弟象
1998/4/25,5863,立德,味全龍,兄弟象
1998/4/24,1488,台北市,三商虎,和信鯨
1998/4/24,3659,立德,味全龍,兄弟象
1998/4/23,1727,台中,興農牛,統一獅
1998/4/22,1918,台中,興農牛,統一獅
1998/4/21,1381,台中,興農牛,統一獅
1998/4/19,3014,台中,味全龍,興農牛
1998/4/18,4328,台中,味全龍,興農牛
1998/4/18,2088,立德,三商虎,統一獅
1998/4/17,3118,台中,味全龍,興農牛
1998/4/17,1340,立德,三商虎,統一獅
1998/4/16,2334,台北市,和信鯨,兄弟象
1998/4/15,5029,台北市,和信鯨,兄弟象
1998/4/14,2550,台北市,和信鯨,兄弟象
1998/4/12,2299,台南,兄弟象,三商虎
1998/4/11,2547,新莊,和信鯨,興農牛
1998/4/11,3145,台南,兄弟象,三商虎
1998/4/10,2277,新莊,和信鯨,興農牛
1998/4/10,2439,台南,兄弟象,三商虎
1998/4/9,4018,台南,統一獅,味全龍
1998/4/8,4370,台南,統一獅,味全龍
1998/4/7,4336,台南,統一獅,味全龍
1998/4/5,7855,台南,統一獅,兄弟象
1998/4/5,3098,台北市,和信鯨,味全龍
1998/4/4,7648,台南,統一獅,兄弟象
1998/4/4,2540,台北市,和信鯨,味全龍
1998/4/3,5145,台南,統一獅,兄弟象
1998/4/3,1644,台北市,和信鯨,味全龍
1998/4/2,957,新莊,三商虎,興農牛
1998/4/1,1239,新莊,三商虎,興農牛
1998/3/31,1022,新莊,三商虎,興農牛
1998/3/30,858,新竹,三商虎,統一獅
1998/3/29,2734,台中,興農牛,和信鯨
1998/3/29,3879,新莊,味全龍,統一獅
1998/3/28,3024,台中,興農牛,和信鯨
1998/3/28,4538,新莊,味全龍,統一獅
1998/3/27,2630,台中,興農牛,和信鯨
1998/3/27,3582,新莊,味全龍,統一獅
1998/3/26,1754,台北市,三商虎,兄弟象
1998/3/25,1679,台北市,三商虎,兄弟象
1998/3/24,1676,台北市,三商虎,兄弟象
1998/3/22,3608,台北市,兄弟象,統一獅
1998/3/22,4101,台中,興農牛,三商虎
1998/3/21,4861,台北市,兄弟象,統一獅
1998/3/21,4268,台中,興農牛,三商虎
1998/3/20,3306,台北市,兄弟象,統一獅
1998/3/20,3420,台中,興農牛,三商虎
1998/3/19,1706,台中,味全龍,和信鯨
1998/3/18,1822,台中,味全龍,和信鯨
1998/3/17,2273,台中,味全龍,和信鯨
1998/3/15,4151,新莊,味全龍,興農牛
1998/3/15,2799,立德,兄弟象,和信鯨
1998/3/14,4125,新莊,味全龍,興農牛
1998/3/14,3577,立德,兄弟象,和信鯨
1998/3/13,4392,新莊,味全龍,興農牛
1998/3/13,2120,立德,兄弟象,和信鯨
1998/3/12,560,新竹,三商虎,統一獅
1998/3/11,510,新竹,三商虎,統一獅
1998/3/9,3955,台北市,兄弟象,味全龍
1998/3/8,3103,台北市,和信鯨,三商虎
1998/3/8,5055,立德,統一獅,興農牛
1998/3/7,2078,台北市,和信鯨,三商虎
1998/3/7,5037,立德,統一獅,興農牛
1998/3/6,5034,台北市,和信鯨,三商虎
1998/3/6,3516,立德,統一獅,興農牛
1998/3/5,1943,屏東,兄弟象,味全龍
1998/3/3,2213,屏東,兄弟象,味全龍
1998/3/1,2718,新莊,三商虎,味全龍
1998/3/1,6130,台中,興農牛,兄弟象
1998/3/1,3421,新莊,三商虎,味全龍
1998/2/28,3336,新莊,三商虎,味全龍
1998/2/28,6922,台中,興農牛,兄弟象
1998/2/28,6220,台中,興農牛,兄弟象
1998/2/26,1108,台南,統一獅,和信鯨
1998/2/25,3607,台南,統一獅,和信鯨
1998/2/24,4859,台南,統一獅,和信鯨
1998/2/22,1680,台北市,味全龍,統一獅
1998/2/22,1765,台北市,味全龍,統一獅
1998/2/21,3173,台北市,味全龍,統一獅
1997/10/7,893,台北市,三商虎,統一獅
1997/10/6,304,台北市,味全龍,興農牛
1997/10/5,1056,立德,興農牛,三商虎
1997/10/5,1202,台北市,味全龍,統一獅
1997/10/5,379,立德,三商虎,和信鯨
1997/10/4,306,立德,和信鯨,時報鷹
1997/10/4,2177,台北市,兄弟象,統一獅
1997/10/4,529,立德,和信鯨,興農牛
1997/10/3,516,立德,時報鷹,興農牛
1997/10/3,1369,台北市,味全龍,兄弟象
1997/10/2,6074,台北市,統一獅,味全龍
1997/10/1,508,屏東,興農牛,和信鯨
1997/10/1,1647,台北市,統一獅,兄弟象
1997/9/30,528,立德,三商虎,時報鷹
1997/9/30,2552,台北市,兄弟象,味全龍
1997/9/28,4214,台南,統一獅,三商虎
1997/9/27,1891,台南,和信鯨,兄弟象
1997/9/27,329,台北市,時報鷹,興農牛
1997/9/26,485,台南,三商虎,和信鯨
1997/9/26,798,台北市,味全龍,時報鷹
1997/9/25,2306,台南,兄弟象,統一獅
1997/9/25,1143,台北市,興農牛,味全龍
1997/9/24,1023,台南,三商虎,兄弟象
1997/9/24,369,台北市,興農牛,時報鷹
1997/9/23,664,嘉義縣,統一獅,和信鯨
1997/9/23,908,台北市,時報鷹,味全龍
1997/9/21,1506,台中,時報鷹,味全龍
1997/9/21,1128,屏東,統一獅,和信鯨
1997/9/20,857,台中,三商虎,時報鷹
1997/9/20,500,屏東,興農牛,和信鯨
1997/9/19,5123,台中,味全龍,兄弟象
1997/9/19,688,立德,統一獅,興農牛
1997/9/18,618,台中,兄弟象,時報鷹
1997/9/18,2001,立德,和信鯨,統一獅
1997/9/17,1158,新竹,三商虎,味全龍
1997/9/16,1237,新竹,兄弟象,三商虎
1997/9/16,556,立德,興農牛,統一獅
1997/9/14,4897,台北市,統一獅,兄弟象
1997/9/14,905,新竹,三商虎,和信鯨
1997/9/13,552,台北市,興農牛,時報鷹
1997/9/13,1701,台中,味全龍,和信鯨
1997/9/12,1215,台北市,兄弟象,興農牛
1997/9/12,1683,台中,三商虎,味全龍
1997/9/11,684,台北市,時報鷹,統一獅
1997/9/11,877,台中,和信鯨,三商虎
1997/9/10,1042,台北市,兄弟象,時報鷹
1997/9/10,1632,台中,和信鯨,味全龍
1997/9/9,550,新竹,統一獅,興農牛
1997/9/9,1525,台中,味全龍,三商虎
1997/9/7,1129,台南,興農牛,味全龍
1997/9/7,968,台南,味全龍,和信鯨
1997/9/6,983,台北市,時報鷹,統一獅
1997/9/6,1018,台南,兄弟象,興農牛
1997/9/6,1338,台北市,統一獅,三商虎
1997/9/5,656,台北市,三商虎,時報鷹
1997/9/4,753,嘉義縣,和信鯨,兄弟象
1997/9/3,521,嘉義縣,興農牛,和信鯨
1997/9/3,434,台北市,統一獅,時報鷹
1997/9/2,1940,嘉義縣,味全龍,兄弟象
1997/9/2,590,台北市,時報鷹,三商虎
1997/9/1,1572,新竹,時報鷹,兄弟象
1997/8/31,2504,立德,統一獅,味全龍
1997/8/31,2738,台中,三商虎,興農牛
1997/8/31,458,立德,和信鯨,時報鷹
1997/8/30,2317,台中,兄弟象,興農牛
1997/8/30,2103,台中,三商虎,兄弟象
1997/8/29,514,立德,味全龍,時報鷹
1997/8/28,536,屏東,味全龍,和信鯨
1997/8/28,1087,台中,興農牛,三商虎
1997/8/27,658,屏東,時報鷹,統一獅
1997/8/27,5104,台中,興農牛,兄弟象
1997/8/26,1279,立德,統一獅,和信鯨
1997/8/26,4016,台中,兄弟象,三商虎
1997/8/24,1028,台南,興農牛,味全龍
1997/8/24,5609,台北市,兄弟象,和信鯨
1997/8/23,2422,台南,統一獅,三商虎
1997/8/23,1973,台北市,時報鷹,和信鯨
1997/8/23,2731,台北市,兄弟象,和信鯨
1997/8/23,439,台南,三商虎,興農牛
1997/8/22,2735,台南,味全龍,統一獅
1997/8/22,1535,台北市,兄弟象,時報鷹
1997/8/21,1014,台南,三商虎,味全龍
1997/8/21,2510,台北市,和信鯨,兄弟象
1997/8/20,764,嘉義縣,三商虎,興農牛
1997/8/20,1159,台北市,和信鯨,時報鷹
1997/8/19,582,嘉義縣,統一獅,興農牛
1997/8/18,528,台南,時報鷹,三商虎
1997/8/17,1877,台中,興農牛,味全龍
1997/8/16,2375,台北市,三商虎,統一獅
1997/8/16,812,台中,興農牛,時報鷹
1997/8/16,1502,台北市,和信鯨,統一獅
1997/8/15,2254,台北市,和信鯨,三商虎
1997/8/15,1515,台中,時報鷹,味全龍
1997/8/14,2141,台北市,統一獅,兄弟象
1997/8/14,1889,台中,味全龍,興農牛
1997/8/13,839,台中,時報鷹,興農牛
1997/8/12,2846,台北市,兄弟象,三商虎
1997/8/12,914,新竹,味全龍,時報鷹
1997/8/10,525,台南,時報鷹,和信鯨
1997/8/10,3326,新竹,兄弟象,味全龍
1997/8/10,433,台南,興農牛,時報鷹
1997/8/9,2629,新竹,統一獅,兄弟象
1997/8/8,2118,台北市,統一獅,味全龍
1997/8/7,5814,台北市,味全龍,兄弟象
1997/8/6,767,台南,和信鯨,興農牛
1997/8/6,3766,台北市,兄弟象,統一獅
1997/8/5,1123,嘉義縣,和信鯨,三商虎
1997/8/5,1855,台北市,味全龍,統一獅
1997/8/4,1617,台北市,興農牛,兄弟象
1997/8/3,2089,立德,味全龍,三商虎
1997/8/3,2541,台中,興農牛,統一獅
1997/8/2,789,屏東,時報鷹,三商虎
1997/8/2,1122,台中,和信鯨,興農牛
1997/8/1,1579,屏東,時報鷹,兄弟象
1997/8/1,644,台中,和信鯨,統一獅
1997/7/31,2139,立德,三商虎,兄弟象
1997/7/31,969,台中,統一獅,興農牛
1997/7/30,979,立德,味全龍,時報鷹
1997/7/30,1156,台中,興農牛,和信鯨
1997/7/29,2289,立德,兄弟象,味全龍
1997/7/29,749,新竹,統一獅,和信鯨
1997/7/28,1158,台北市,興農牛,三商虎
1997/7/27,2052,台中,時報鷹,興農牛
1997/7/27,2748,台北市,和信鯨,三商虎
1997/7/26,3108,台中,兄弟象,統一獅
1997/7/26,3852,台北市,味全龍,三商虎
1997/7/25,2211,台中,興農牛,兄弟象
1997/7/25,2506,台北市,和信鯨,味全龍
1997/7/24,614,台中,統一獅,時報鷹
1997/7/24,1721,台北市,三商虎,和信鯨
1997/7/23,916,新竹,興農牛,統一獅
1997/7/23,2327,台北市,三商虎,味全龍
1997/7/22,2210,新竹,時報鷹,兄弟象
1997/7/22,2026,台北市,味全龍,和信鯨
1997/7/21,918,嘉義縣,和信鯨,統一獅
1997/7/20,2032,立德,兄弟象,和信鯨
1997/7/20,2204,台中,統一獅,三商虎
1997/7/19,568,立德,和信鯨,興農牛
1997/7/19,1249,台中,時報鷹,三商虎
1997/7/19,507,台中,統一獅,時報鷹
1997/7/18,2517,立德,兄弟象,味全龍
1997/7/17,898,屏東,味全龍,興農牛
1997/7/17,724,台中,三商虎,統一獅
1997/7/16,1797,屏東,興農牛,兄弟象
1997/7/16,934,嘉義縣,三商虎,時報鷹
1997/7/15,1509,立德,和信鯨,味全龍
1997/7/15,512,嘉義縣,時報鷹,統一獅
1997/7/14,581,嘉義縣,時報鷹,味全龍
1997/7/13,1089,台南,味全龍,興農牛
1997/7/13,2362,台中,和信鯨,兄弟象
1997/7/12,2522,台南,三商虎,統一獅
1997/7/12,2155,台中,時報鷹,兄弟象
1997/7/11,1068,台南,興農牛,三商虎
1997/7/11,922,台中,和信鯨,時報鷹
1997/7/10,1817,台南,統一獅,味全龍
1997/7/10,2167,台中,兄弟象,和信鯨
1997/7/9,1669,台南,興農牛,統一獅
1997/7/9,2049,台中,兄弟象,時報鷹
1997/7/8,878,台南,味全龍,三商虎
1997/7/8,711,台中,時報鷹,和信鯨
1997/7/6,868,台南,時報鷹,和信鯨
1997/7/6,4186,台北市,三商虎,兄弟象
1997/7/5,2105,台南,統一獅,時報鷹
1997/7/5,2226,台北市,兄弟象,三商虎
1997/7/5,1627,台北市,兄弟象,興農牛
1997/7/4,1068,台南,和信鯨,味全龍
1997/7/3,1026,嘉義縣,味全龍,統一獅
1997/7/3,879,台北市,三商虎,興農牛
1997/6/21,818,立德,統一獅,和信鯨
1997/6/20,626,立德,興農牛,統一獅
1997/6/19,326,立德,和信鯨,興農牛
1997/6/18,1056,台中,三商虎,興農牛
1997/6/18,669,立德,統一獅,和信鯨
1997/6/17,608,台中,和信鯨,三商虎
1997/6/17,1036,屏東,兄弟象,統一獅
1997/6/16,868,台南,兄弟象,味全龍
1997/6/16,766,台中,興農牛,統一獅
1997/6/15,2523,台南,時報鷹,味全龍
1997/6/14,1066,台南,味全龍,時報鷹
1997/6/13,1814,台南,時報鷹,兄弟象
1997/6/11,1614,台南,味全龍,兄弟象
1997/6/10,1235,台北市,統一獅,三商虎
1997/6/10,1575,台南,兄弟象,時報鷹
1997/6/9,2857,立德,兄弟象,和信鯨
1997/6/8,1693,台北市,味全龍,興農牛
1997/6/8,2479,台南,和信鯨,統一獅
1997/6/7,1630,台北市,興農牛,三商虎
1997/6/7,3289,台南,統一獅,兄弟象
1997/6/6,2065,台北市,時報鷹,味全龍
1997/6/6,818,立德,和信鯨,兄弟象
1997/6/5,1301,台北市,味全龍,三商虎
1997/6/4,1064,新竹,三商虎,時報鷹
1997/6/3,826,新竹,興農牛,時報鷹
1997/6/1,2521,台中,統一獅,三商虎
1997/6/1,2197,立德,和信鯨,時報鷹
1997/5/31,5076,台中,兄弟象,味全龍
1997/5/31,1879,屏東,興農牛,時報鷹
1997/5/30,2897,台中,統一獅,兄弟象
1997/5/30,489,屏東,和信鯨,興農牛
1997/5/29,1583,嘉義縣,味全龍,統一獅
1997/5/29,1268,立德,時報鷹,和信鯨
1997/5/28,2029,嘉義縣,三商虎,兄弟象
1997/5/28,1078,立德,時報鷹,興農牛
1997/5/27,1066,嘉義縣,味全龍,三商虎
1997/5/27,556,立德,興農牛,和信鯨
1997/5/25,2329,立德,三商虎,時報鷹
1997/5/25,3621,台中,統一獅,味全龍
1997/5/24,2220,台南,兄弟象,和信鯨
1997/5/24,2237,台中,興農牛,味全龍
1997/5/23,1050,台南,和信鯨,三商虎
1997/5/22,1923,台南,時報鷹,兄弟象
1997/5/22,1540,台中,味全龍,統一獅
1997/5/21,543,台南,和信鯨,時報鷹
1997/5/21,1106,新竹,味全龍,興農牛
1997/5/20,1265,台南,兄弟象,三商虎
1997/5/20,1068,新竹,統一獅,興農牛
1997/5/18,2564,立德,興農牛,兄弟象
1997/5/18,1626,台中,和信鯨,三商虎
1997/5/18,2054,台中,味全龍,三商虎
1997/5/17,902,立德,時報鷹,興農牛
1997/5/16,2404,屏東,兄弟象,統一獅
1997/5/16,1039,台中,和信鯨,味全龍
1997/5/15,3475,屏東,時報鷹,兄弟象
1997/5/15,1141,台中,三商虎,和信鯨
1997/5/14,2427,立德,統一獅,時報鷹
1997/5/14,1542,台中,三商虎,味全龍
1997/5/13,773,立德,興農牛,統一獅
1997/5/13,1062,台中,味全龍,和信鯨
1997/5/11,2177,立德,時報鷹,味全龍
1997/5/11,1268,新竹,興農牛,三商虎
1997/5/10,1647,立德,時報鷹,和信鯨
1997/5/10,4915,新竹,兄弟象,三商虎
1997/5/9,2425,台南,味全龍,統一獅
1997/5/9,2209,新竹,興農牛,兄弟象
1997/5/8,837,台南,和信鯨,味全龍
1997/5/8,918,嘉義縣,三商虎,興農牛
1997/5/7,2689,台南,統一獅,時報鷹
1997/5/7,1572,嘉義縣,三商虎,兄弟象
1997/5/6,1178,台南,和信鯨,統一獅
1997/5/6,826,嘉義縣,兄弟象,興農牛
1997/5/4,4342,台中,兄弟象,和信鯨
1997/5/4,2533,立德,統一獅,三商虎
1997/5/3,2577,台中,味全龍,興農牛
1997/5/3,2413,立德,時報鷹,三商虎
1997/5/2,2249,台中,興農牛,兄弟象
1997/5/2,2295,立德,統一獅,時報鷹
1997/5/1,4440,台中,兄弟象,味全龍
1997/5/1,3271,立德,三商虎,統一獅
1997/4/30,1699,台中,和信鯨,興農牛
1997/4/30,2047,屏東,三商虎,時報鷹
1997/4/29,1956,新竹,和信鯨,味全龍
1997/4/29,2401,屏東,時報鷹,統一獅
1997/4/27,1035,台南,興農牛,三商虎
1997/4/27,5420,台北市,味全龍,時報鷹
1997/4/26,3480,台南,和信鯨,統一獅
1997/4/26,8013,台北市,兄弟象,時報鷹
1997/4/25,792,台南,三商虎,和信鯨
1997/4/25,5227,台北市,味全龍,兄弟象
1997/4/24,1152,台南,統一獅,興農牛
1997/4/24,2386,台北市,時報鷹,味全龍
1997/4/23,1788,台南,三商虎,統一獅
1997/4/23,2667,台北市,時報鷹,兄弟象
1997/4/22,878,台南,興農牛,和信鯨
1997/4/22,2875,台北市,兄弟象,味全龍
1997/4/20,2764,立德,和信鯨,兄弟象
1997/4/20,2578,台中,三商虎,統一獅
1997/4/19,2062,立德,兄弟象,興農牛
1997/4/19,6280,台中,時報鷹,統一獅
1997/4/18,1514,屏東,興農牛,味全龍
1997/4/18,2057,台中,三商虎,時報鷹
1997/4/17,1110,屏東,味全龍,和信鯨
1997/4/17,1887,台中,統一獅,三商虎
1997/4/16,1377,立德,興農牛,和信鯨
1997/4/16,2064,台中,統一獅,時報鷹
1997/4/15,2001,立德,味全龍,兄弟象
1997/4/15,2000,台中,時報鷹,三商虎
1997/4/13,7928,台南,統一獅,兄弟象
1997/4/13,3217,台北市,三商虎,和信鯨
1997/4/13,1608,台北市,和信鯨,三商虎
1997/4/12,1282,台南,興農牛,時報鷹
1997/4/12,3762,台北市,味全龍,和信鯨
1997/4/12,1417,台南,統一獅,興農牛
1997/4/12,1547,台北市,和信鯨,味全龍
1997/4/11,1241,台南,兄弟象,興農牛
1997/4/11,2696,台北市,三商虎,味全龍
1997/4/9,1735,嘉義縣,時報鷹,統一獅
1997/4/8,1754,嘉義縣,兄弟象,時報鷹
1997/4/8,4705,台北市,味全龍,三商虎
1997/4/6,3886,立德,兄弟象,三商虎
1997/4/6,2453,台北市,時報鷹,和信鯨
1997/4/5,3847,立德,統一獅,味全龍
1997/4/5,1633,台北市,興農牛,和信鯨
1997/4/5,1756,台北市,時報鷹,興農牛
1997/4/4,4574,立德,三商虎,統一獅
1997/4/3,4614,立德,味全龍,兄弟象
1997/4/3,3186,台北市,和信鯨,時報鷹
1997/4/2,4183,屏東,三商虎,味全龍
1997/4/2,1246,台北市,和信鯨,興農牛
1997/4/1,4040,立德,兄弟象,統一獅
1997/4/1,2586,台北市,興農牛,時報鷹
1997/3/30,2846,台南,和信鯨,兄弟象
1997/3/30,4557,台中,味全龍,興農牛
1997/3/29,2298,台南,時報鷹,三商虎
1997/3/29,2775,台中,統一獅,興農牛
1997/3/28,2370,台南,兄弟象,時報鷹
1997/3/28,3432,台中,味全龍,統一獅
1997/3/27,1325,台南,三商虎,兄弟象
1997/3/27,2051,台北市,興農牛,味全龍
1997/3/26,2133,嘉義縣,三商虎,和信鯨
1997/3/26,1620,台北市,興農牛,統一獅
1997/3/25,2012,嘉義縣,時報鷹,和信鯨
1997/3/25,2467,台北市,統一獅,味全龍
1997/3/23,1616,台南,時報鷹,三商虎
1997/3/23,1393,台南,興農牛,味全龍
1997/3/21,3290,台南,三商虎,興農牛
1997/3/20,2426,台中,味全龍,時報鷹
1997/3/19,3187,台中,三商虎,味全龍
1997/3/18,2189,台中,時報鷹,興農牛
1997/3/16,5093,台北市,兄弟象,和信鯨
1997/3/15,6318,台北市,兄弟象,統一獅
1997/3/14,1720,台北市,統一獅,和信鯨
1997/3/13,4122,台北市,和信鯨,兄弟象
1997/3/12,8827,台北市,統一獅,兄弟象
1997/3/11,3888,新竹,和信鯨,統一獅
1997/3/9,5453,台中,三商虎,兄弟象
1997/3/8,3245,台中,三商虎,興農牛
1997/3/7,4008,台中,兄弟象,興農牛
1997/3/6,7802,台中,兄弟象,三商虎
1997/3/5,2753,嘉義縣,興農牛,三商虎
1997/3/4,3367,嘉義縣,興農牛,兄弟象
1997/3/2,3674,立德,統一獅,味全龍
1997/3/1,3460,立德,和信鯨,時報鷹
1997/2/28,9500,立德,味全龍,時報鷹
1997/2/26,1974,台南,味全龍,和信鯨
1997/2/25,2528,台南,統一獅,和信鯨
1997/2/23,12929,台南,統一獅,時報鷹
1996/10/21,5334,台北市,味全龍,兄弟象
1996/10/20,1942,台南,統一獅,時報鷹
1996/10/19,3330,嘉義縣,時報鷹,統一獅
1996/10/19,1272,台北市,興農牛,三商虎
1996/10/18,2257,台南,統一獅,時報鷹
1996/10/18,1654,台北市,兄弟象,興農牛
1996/10/17,2102,台南,時報鷹,統一獅
1996/10/17,6377,台北市,三商虎,味全龍
1996/10/16,2320,台北市,味全龍,興農牛
1996/10/15,1234,台北市,兄弟象,三商虎
1996/10/14,2324,台北市,味全龍,三商虎
1996/10/13,2587,新竹,時報鷹,三商虎
1996/10/13,3117,立德,興農牛,兄弟象
1996/10/12,3273,台中,三商虎,時報鷹
1996/10/12,3719,立德,味全龍,統一獅
1996/10/11,2629,台中,時報鷹,三商虎
1996/10/11,5464,立德,味全龍,兄弟象
1996/10/10,3823,台中,三商虎,時報鷹
1996/10/10,1244,立德,興農牛,統一獅
1996/10/9,3931,屏東,統一獅,兄弟象
1996/10/8,1211,屏東,興農牛,味全龍
1996/10/6,5900,台北市,統一獅,兄弟象
1996/10/6,3391,台中,時報鷹,興農牛
1996/10/6,5138,台北市,味全龍,三商虎
1996/10/5,4438,台北市,兄弟象,統一獅
1996/10/5,5407,台中,味全龍,三商虎
1996/10/4,2768,台北市,統一獅,兄弟象
1996/10/4,1882,台中,三商虎,興農牛
1996/10/3,3483,新竹,兄弟象,統一獅
1996/10/3,5359,台中,味全龍,時報鷹
1996/10/2,2565,台中,味全龍,興農牛
1996/10/1,3633,嘉義縣,時報鷹,三商虎
1996/9/30,2968,台北市,三商虎,味全龍
1996/9/29,2027,台南,興農牛,統一獅
1996/9/28,4170,台南,時報鷹,兄弟象
1996/9/27,849,台南,興農牛,時報鷹
1996/9/26,2150,新竹,三商虎,味全龍
1996/9/26,4429,台南,兄弟象,統一獅
1996/9/25,3018,台南,統一獅,時報鷹
1996/9/24,4159,嘉義縣,興農牛,兄弟象
1996/9/23,5741,台中,興農牛,兄弟象
1996/9/22,5577,新竹,時報鷹,味全龍
1996/9/22,8780,台北市,兄弟象,統一獅
1996/9/21,8391,台中,味全龍,時報鷹
1996/9/21,1445,台北市,興農牛,三商虎
1996/9/20,4472,台中,時報鷹,味全龍
1996/9/20,1444,台北市,統一獅,三商虎
1996/9/19,5895,台中,味全龍,時報鷹
1996/9/19,1769,台北市,兄弟象,興農牛
1996/9/18,3053,台北市,三商虎,兄弟象
1996/9/17,805,台北市,統一獅,興農牛
1996/9/15,4498,立德,興農牛,味全龍
1996/9/15,3898,台中,三商虎,統一獅
1996/9/14,2513,屏東,味全龍,興農牛
1996/9/14,7658,台中,時報鷹,兄弟象
1996/9/13,2490,立德,興農牛,味全龍
1996/9/13,3149,台中,統一獅,時報鷹
1996/9/12,2448,立德,味全龍,興農牛
1996/9/12,3872,台中,三商虎,兄弟象
1996/9/11,5527,台中,統一獅,兄弟象
1996/9/10,1558,新竹,三商虎,時報鷹
1996/9/8,1529,新竹,統一獅,興農牛
1996/9/8,6265,台南,時報鷹,兄弟象
1996/9/7,3517,台中,興農牛,統一獅
1996/9/7,2791,台南,味全龍,三商虎
1996/9/6,1329,台中,統一獅,興農牛
1996/9/6,2616,台南,時報鷹,味全龍
1996/9/5,2675,台中,興農牛,統一獅
1996/9/5,2910,台南,三商虎,兄弟象
1996/9/4,1103,台南,三商虎,時報鷹
1996/9/3,13000,嘉義縣,味全龍,兄弟象
1996/9/2,1119,屏東,三商虎,統一獅
1996/9/1,11000,台北市,兄弟象,味全龍
1996/9/1,4194,立德,三商虎,統一獅
1996/8/31,9201,台北市,味全龍,兄弟象
1996/8/31,2556,立德,時報鷹,興農牛
1996/8/30,6817,台北市,兄弟象,味全龍
1996/8/30,2292,立德,三商虎,興農牛
1996/8/29,7894,新竹,味全龍,兄弟象
1996/8/29,4178,立德,統一獅,時報鷹
1996/8/28,2047,屏東,統一獅,興農牛
1996/8/27,2867,屏東,三商虎,時報鷹
1996/8/26,4267,台中,時報鷹,興農牛
1996/8/25,2025,新竹,興農牛,時報鷹
1996/8/25,7688,台北市,統一獅,味全龍
1996/8/24,5730,台北市,三商虎,兄弟象
1996/8/24,2097,台中,興農牛,時報鷹
1996/8/24,1964,台北市,統一獅,三商虎
1996/8/22,3398,台中,時報鷹,興農牛
1996/8/22,8398,台北市,味全龍,兄弟象
1996/8/21,5787,台北市,兄弟象,統一獅
1996/8/20,4581,台北市,味全龍,三商虎
1996/8/18,7647,台北市,時報鷹,兄弟象
1996/8/18,4196,台南,三商虎,味全龍
1996/8/17,5132,台北市,兄弟象,時報鷹
1996/8/17,4211,台南,興農牛,統一獅
1996/8/16,4469,台北市,時報鷹,兄弟象
1996/8/16,1373,台南,三商虎,興農牛
1996/8/15,5470,新竹,兄弟象,時報鷹
1996/8/15,5834,台南,味全龍,統一獅
1996/8/14,1624,台南,興農牛,味全龍
1996/8/13,7321,嘉義縣,統一獅,三商虎
1996/8/11,2034,新竹,興農牛,三商虎
1996/8/11,11000,台北市,兄弟象,味全龍
1996/8/10,3440,台中,三商虎,興農牛
1996/8/10,3004,台北市,時報鷹,統一獅
1996/8/10,2192,台中,興農牛,三商虎
1996/8/9,5790,台北市,統一獅,兄弟象
1996/8/8,2855,台中,三商虎,興農牛
1996/8/8,2078,台北市,味全龍,時報鷹
1996/8/7,4116,台北市,兄弟象,時報鷹
1996/8/6,2939,新竹,統一獅,味全龍
1996/8/5,2147,台北市,時報鷹,統一獅
1996/8/4,4667,新竹,兄弟象,興農牛
1996/8/4,3607,台北市,統一獅,三商虎
1996/8/4,2966,台北市,味全龍,統一獅
1996/8/3,2982,台北市,時報鷹,味全龍
1996/8/3,3367,台中,興農牛,兄弟象
1996/8/2,4105,台中,兄弟象,興農牛
1996/8/2,2222,台北市,味全龍,三商虎
1996/7/30,439,台北市,時報鷹,三商虎
1996/7/28,2988,立德,統一獅,三商虎
1996/7/28,1330,台北市,興農牛,時報鷹
1996/7/28,1307,立德,統一獅,三商虎
1996/7/27,10558,台北市,兄弟象,味全龍
1996/7/27,2618,台北市,兄弟象,時報鷹
1996/7/25,1522,立德,三商虎,統一獅
1996/7/25,1199,台北市,味全龍,興農牛
1996/7/24,3351,台北市,兄弟象,興農牛
1996/7/23,3755,台北市,味全龍,時報鷹
1996/7/21,7725,台北市,兄弟象,三商虎
1996/7/21,7083,台中,統一獅,時報鷹
1996/7/20,7020,台北市,三商虎,兄弟象
1996/7/20,5621,台中,興農牛,味全龍
1996/7/19,6701,台北市,兄弟象,三商虎
1996/7/19,6311,台中,味全龍,時報鷹
1996/7/18,5843,新竹,三商虎,兄弟象
1996/7/18,3550,台中,統一獅,興農牛
1996/7/17,5257,台中,味全龍,統一獅
1996/7/16,8725,嘉義縣,時報鷹,興農牛
1996/7/14,13000,嘉義縣,統一獅,味全龍
1996/7/14,2451,台北市,興農牛,時報鷹
1996/7/14,8129,台北市,兄弟象,三商虎
1996/7/13,4620,台南,味全龍,統一獅
1996/7/12,3693,台南,統一獅,味全龍
1996/7/12,2037,台北市,時報鷹,三商虎
1996/7/11,3257,台南,味全龍,統一獅
1996/7/11,4573,台北市,兄弟象,興農牛
1996/7/10,1648,台北市,三商虎,興農牛
1996/7/9,7940,台北市,兄弟象,時報鷹
1996/6/30,1550,新竹,三商虎,興農牛
1996/6/30,3814,台南,統一獅,味全龍
1996/6/29,2812,台中,興農牛,三商虎
1996/6/29,3703,台南,兄弟象,時報鷹
1996/6/29,1629,台中,興農牛,三商虎
1996/6/28,828,台中,三商虎,興農牛
1996/6/28,3187,台南,兄弟象,味全龍
1996/6/27,2101,台南,時報鷹,統一獅
1996/6/26,6797,台南,統一獅,兄弟象
1996/6/25,1406,台南,味全龍,時報鷹
1996/6/24,6394,新竹,味全龍,兄弟象
1996/6/24,2696,屏東,三商虎,統一獅
1996/6/23,1403,屏東,時報鷹,興農牛
1996/6/23,1780,屏東,三商虎,時報鷹
1996/6/22,9000,台中,兄弟象,味全龍
1996/6/21,6684,台中,味全龍,兄弟象
1996/6/20,9000,台中,兄弟象,味全龍
1996/6/20,3849,立德,統一獅,興農牛
1996/6/19,3522,立德,統一獅,時報鷹
1996/6/18,1343,立德,興農牛,三商虎
1996/6/16,5054,台北市,味全龍,時報鷹
1996/6/16,9000,台中,兄弟象,統一獅
1996/6/15,4721,台北市,時報鷹,味全龍
1996/6/15,3578,台中,興農牛,三商虎
1996/6/15,4906,台中,興農牛,兄弟象
1996/6/14,2555,台北市,味全龍,時報鷹
1996/6/13,2799,新竹,時報鷹,味全龍
1996/6/13,3586,台中,三商虎,統一獅
1996/6/12,3758,台中,統一獅,興農牛
1996/6/12,5424,台北市,三商虎,兄弟象
1996/6/11,3678,新竹,三商虎,兄弟象
1996/6/11,3376,台北市,統一獅,味全龍
1996/6/9,4265,台北市,三商虎,時報鷹
1996/6/9,2784,立德,興農牛,統一獅
1996/6/9,7790,立德,味全龍,兄弟象
1996/6/8,3434,台北市,時報鷹,三商虎
1996/6/7,2108,台北市,三商虎,時報鷹
1996/6/7,2502,立德,興農牛,兄弟象
1996/6/6,2219,新竹,時報鷹,三商虎
1996/6/6,2652,立德,味全龍,統一獅
1996/6/5,1320,屏東,興農牛,味全龍
1996/6/4,4765,屏東,兄弟象,統一獅
1996/6/2,6782,台中,時報鷹,興農牛
1996/6/2,11000,新竹,兄弟象,味全龍
1996/6/1,7201,台中,興農牛,時報鷹
1996/6/1,3220,新竹,統一獅,三商虎
1996/5/31,5161,台中,時報鷹,興農牛
1996/5/31,2731,台北市,三商虎,味全龍
1996/5/30,1674,新竹,興農牛,時報鷹
1996/5/30,6352,台北市,統一獅,兄弟象
1996/5/27,4967,立德,兄弟象,時報鷹
1996/5/26,2771,新竹,味全龍,興農牛
1996/5/26,5479,台南,兄弟象,三商虎
1996/5/25,9000,台中,興農牛,味全龍
1996/5/25,8820,台南,時報鷹,統一獅
1996/5/25,1553,台南,時報鷹,三商虎
1996/5/24,6693,台中,味全龍,興農牛
1996/5/24,2792,台南,三商虎,統一獅
1996/5/23,9000,台中,興農牛,味全龍
1996/5/23,3096,台南,兄弟象,時報鷹
1996/5/22,6992,台南,兄弟象,統一獅
1996/5/19,4239,立德,三商虎,統一獅
1996/5/19,2653,屏東,時報鷹,興農牛
1996/5/18,5791,台南,統一獅,三商虎
1996/5/18,8641,屏東,兄弟象,味全龍
1996/5/17,3599,台南,三商虎,統一獅
1996/5/17,6552,立德,時報鷹,兄弟象
1996/5/16,2961,台南,統一獅,三商虎
1996/5/16,1965,立德,味全龍,興農牛
1996/5/15,2768,立德,興農牛,兄弟象
1996/5/14,2616,立德,時報鷹,味全龍
1996/5/12,4991,台南,興農牛,統一獅
1996/5/12,3604,台北市,時報鷹,三商虎
1996/5/11,4178,台南,統一獅,興農牛
1996/5/11,11000,台北市,味全龍,兄弟象
1996/5/10,3629,台南,興農牛,統一獅
1996/5/10,5949,台北市,時報鷹,兄弟象
1996/5/9,1852,立德,統一獅,興農牛
1996/5/9,1482,台北市,味全龍,三商虎
1996/5/8,3075,台北市,時報鷹,味全龍
1996/5/8,4012,新竹,兄弟象,三商虎
1996/5/5,2196,台北市,興農牛,味全龍
1996/5/4,8931,屏東,時報鷹,兄弟象
1996/5/4,4447,台北市,三商虎,統一獅
1996/5/3,4606,立德,兄弟象,時報鷹
1996/5/3,1423,台北市,興農牛,三商虎
1996/5/2,5777,立德,時報鷹,兄弟象
1996/5/2,3903,台北市,統一獅,味全龍
1996/5/1,1340,台北市,興農牛,統一獅
1996/4/30,3157,台北市,三商虎,味全龍
1996/4/28,8063,立德,三商虎,兄弟象
1996/4/28,10226,台北市,時報鷹,統一獅
1996/4/27,6353,屏東,兄弟象,三商虎
1996/4/27,5123,台北市,興農牛,味全龍
1996/4/26,4501,立德,三商虎,兄弟象
1996/4/26,1588,台北市,統一獅,興農牛
1996/4/25,4008,立德,兄弟象,三商虎
1996/4/25,5050,台北市,時報鷹,味全龍
1996/4/24,5028,新竹,味全龍,統一獅
1996/4/23,1777,台北市,興農牛,時報鷹
1996/4/21,13000,台南,兄弟象,統一獅
1996/4/21,4270,立德,味全龍,時報鷹
1996/4/21,1631,立德,三商虎,興農牛
1996/4/20,13000,台南,統一獅,兄弟象
1996/4/19,10311,台南,兄弟象,統一獅
1996/4/19,1964,立德,興農牛,時報鷹
1996/4/18,8881,立德,統一獅,兄弟象
1996/4/18,1806,台南,味全龍,三商虎
1996/4/17,1824,台南,味全龍,興農牛
1996/4/16,1757,台南,三商虎,時報鷹
1996/4/14,8063,台南,味全龍,統一獅
1996/4/14,9500,立德,兄弟象,時報鷹
1996/4/13,7852,台南,統一獅,味全龍
1996/4/13,2415,立德,三商虎,興農牛
1996/4/12,3365,立德,味全龍,統一獅
1996/4/12,4561,台南,兄弟象,三商虎
1996/4/11,3593,立德,統一獅,味全龍
1996/4/11,1826,台南,時報鷹,興農牛
1996/4/10,2037,台南,時報鷹,三商虎
1996/4/9,3302,台南,興農牛,兄弟象
1996/4/8,2807,新竹,味全龍,興農牛
1996/4/7,10378,台南,時報鷹,統一獅
1996/4/7,3434,台北市,興農牛,三商虎
1996/4/6,8966,台南,統一獅,時報鷹
1996/4/6,13700,台北市,兄弟象,味全龍
1996/4/5,7734,台南,時報鷹,統一獅
1996/4/5,5820,台北市,三商虎,味全龍
1996/4/4,7904,立德,統一獅,時報鷹
1996/4/4,4607,台北市,兄弟象,興農牛
1996/4/3,8884,台北市,兄弟象,三商虎
1996/3/31,6304,立德,三商虎,味全龍
1996/3/31,13700,台北市,統一獅,兄弟象
1996/3/31,1988,台北市,興農牛,時報鷹
1996/3/30,4472,屏東,味全龍,三商虎
1996/3/29,6371,立德,三商虎,味全龍
1996/3/29,7244,台北市,時報鷹,統一獅
1996/3/28,5376,立德,味全龍,三商虎
1996/3/28,5461,台北市,兄弟象,興農牛
1996/3/27,2928,台北市,興農牛,統一獅
1996/3/26,8427,新竹,時報鷹,兄弟象
1996/3/24,8629,台北市,興農牛,兄弟象
1996/3/24,3645,台南,三商虎,時報鷹
1996/3/23,8923,台北市,兄弟象,興農牛
1996/3/23,9623,台南,統一獅,味全龍
1996/3/22,10994,台北市,興農牛,兄弟象
1996/3/22,7808,台南,統一獅,時報鷹
1996/3/21,8156,新竹,兄弟象,興農牛
1996/3/21,2182,台南,三商虎,味全龍
1996/3/20,3156,台南,時報鷹,味全龍
1996/3/19,13000,台南,統一獅,三商虎
1995/10/15,3320,台中,三商虎,俊國熊
1995/10/15,3810,立德,味全龍,統一獅
1995/10/14,4410,台中,俊國熊,三商虎
1995/10/14,4932,立德,時報鷹,兄弟象
1995/10/13,2126,台中,三商虎,俊國熊
1995/10/13,7515,立德,統一獅,兄弟象
1995/10/12,2112,台中,俊國熊,三商虎
1995/10/12,1859,立德,時報鷹,味全龍
1995/10/11,3368,立德,時報鷹,統一獅
1995/10/10,5660,立德,兄弟象,味全龍
1995/10/8,4406,台北市,時報鷹,統一獅
1995/10/8,10230,新竹,味全龍,兄弟象
1995/10/7,3322,台北市,統一獅,時報鷹
1995/10/7,2151,新竹,俊國熊,三商虎
1995/10/6,1531,台北市,時報鷹,統一獅
1995/10/6,3155,新竹,俊國熊,兄弟象
1995/10/5,1891,台北市,統一獅,時報鷹
1995/10/5,4459,新竹,兄弟象,三商虎
1995/10/4,3325,台北市,三商虎,味全龍
1995/10/3,1552,台北市,俊國熊,味全龍
1995/10/1,3721,台北市,統一獅,俊國熊
1995/10/1,3938,台中,味全龍,時報鷹
1995/9/30,3881,台北市,俊國熊,統一獅
1995/9/30,7888,台中,兄弟象,三商虎
1995/9/29,1690,台北市,統一獅,俊國熊
1995/9/29,4738,台中,時報鷹,兄弟象
1995/9/28,3300,台北市,俊國熊,統一獅
1995/9/28,4299,台中,三商虎,味全龍
1995/9/27,3909,新竹,三商虎,時報鷹
1995/9/26,7383,新竹,味全龍,兄弟象
1995/9/25,1878,台北市,時報鷹,味全龍
1995/9/24,4514,台北市,時報鷹,味全龍
1995/9/24,8108,屏東,兄弟象,統一獅
1995/9/23,2493,台北市,味全龍,時報鷹
1995/9/23,1680,屏東,三商虎,俊國熊
1995/9/23,890,台北市,味全龍,時報鷹
1995/9/22,4712,立德,三商虎,兄弟象
1995/9/21,1722,立德,統一獅,俊國熊
1995/9/20,2531,立德,俊國熊,兄弟象
1995/9/19,3232,立德,統一獅,三商虎
1995/9/17,4126,台中,時報鷹,俊國熊
1995/9/17,8355,立德,兄弟象,味全龍
1995/9/16,3316,台中,俊國熊,時報鷹
1995/9/16,3379,立德,統一獅,三商虎
1995/9/15,2390,台中,時報鷹,俊國熊
1995/9/15,8010,立德,兄弟象,統一獅
1995/9/14,2482,台中,俊國熊,時報鷹
1995/9/14,2117,屏東,味全龍,三商虎
1995/9/13,4013,屏東,三商虎,兄弟象
1995/9/12,2561,屏東,統一獅,味全龍
1995/9/10,8683,台北市,兄弟象,三商虎
1995/9/10,4067,台中,時報鷹,味全龍
1995/9/9,5983,台北市,三商虎,兄弟象
1995/9/9,2028,台中,統一獅,俊國熊
1995/9/8,4927,台北市,兄弟象,三商虎
1995/9/8,3420,台中,味全龍,俊國熊
1995/9/7,4623,台北市,三商虎,兄弟象
1995/9/7,2311,台中,統一獅,時報鷹
1995/9/6,4051,新竹,味全龍,統一獅
1995/9/5,2363,新竹,時報鷹,俊國熊
1995/9/3,5509,立德,三商虎,統一獅
1995/9/3,8184,台北市,兄弟象,俊國熊
1995/9/2,5000,立德,統一獅,三商虎
1995/9/2,3985,台北市,時報鷹,味全龍
1995/9/1,2532,屏東,三商虎,統一獅
1995/9/1,9608,台北市,兄弟象,味全龍
1995/8/31,2732,屏東,統一獅,三商虎
1995/8/31,1776,台北市,俊國熊,時報鷹
1995/8/30,2211,台北市,俊國熊,味全龍
1995/8/29,10035,台北市,兄弟象,時報鷹
1995/8/28,2662,屏東,三商虎,味全龍
1995/8/27,8900,台中,兄弟象,統一獅
1995/8/27,5622,立德,味全龍,時報鷹
1995/8/26,8900,台中,統一獅,兄弟象
1995/8/26,2521,立德,俊國熊,三商虎
1995/8/25,8900,台中,兄弟象,統一獅
1995/8/25,3576,立德,味全龍,俊國熊
1995/8/24,8900,台中,統一獅,兄弟象
1995/8/24,3496,立德,時報鷹,三商虎
1995/8/23,5324,立德,三商虎,味全龍
1995/8/22,3138,立德,時報鷹,俊國熊
1995/8/20,7380,台中,味全龍,俊國熊
1995/8/20,6270,台北市,統一獅,時報鷹
1995/8/19,5974,台中,俊國熊,味全龍
1995/8/19,12077,台北市,兄弟象,三商虎
1995/8/19,2249,台北市,統一獅,時報鷹
1995/8/18,5376,台中,味全龍,俊國熊
1995/8/18,4194,台北市,三商虎,統一獅
1995/8/17,5509,台中,俊國熊,味全龍
1995/8/17,13657,台北市,兄弟象,時報鷹
1995/8/16,14000,台北市,統一獅,兄弟象
1995/8/15,4136,台北市,三商虎,時報鷹
1995/8/15,2189,立德,俊國熊,味全龍
1995/8/13,9500,立德,時報鷹,兄弟象
1995/8/13,6985,台北市,味全龍,俊國熊
1995/8/12,9500,立德,兄弟象,時報鷹
1995/8/12,4941,台北市,三商虎,統一獅
1995/8/11,9500,立德,時報鷹,兄弟象
1995/8/11,3344,台北市,三商虎,俊國熊
1995/8/10,10000,屏東,兄弟象,時報鷹
1995/8/10,6010,台北市,統一獅,味全龍
1995/8/9,8660,台北市,味全龍,三商虎
1995/8/8,2690,台北市,俊國熊,統一獅
1995/8/6,4770,台中,時報鷹,三商虎
1995/8/6,6674,屏東,兄弟象,俊國熊
1995/8/5,3655,台中,三商虎,時報鷹
1995/8/5,4134,屏東,統一獅,味全龍
1995/8/4,4024,新竹,時報鷹,三商虎
1995/8/4,2529,屏東,俊國熊,統一獅
1995/8/3,2528,新竹,三商虎,時報鷹
1995/8/3,9500,立德,味全龍,兄弟象
1995/8/1,9500,立德,兄弟象,統一獅
1995/7/31,7110,台中,兄弟象,時報鷹
1995/7/30,9325,台北市,味全龍,統一獅
1995/7/29,8624,台北市,統一獅,味全龍
1995/7/29,5078,台中,俊國熊,三商虎
1995/7/28,8593,台北市,味全龍,統一獅
1995/7/28,3485,台中,三商虎,時報鷹
1995/7/27,5423,新竹,統一獅,味全龍
1995/7/27,9480,台北市,俊國熊,兄弟象
1995/7/26,11794,台北市,三商虎,兄弟象
1995/7/26,2613,新竹,時報鷹,俊國熊
1995/7/23,8900,台中,兄弟象,味全龍
1995/7/22,8900,台中,味全龍,兄弟象
1995/7/22,3371,台北市,三商虎,俊國熊
1995/7/21,8900,台中,兄弟象,味全龍
1995/7/21,4674,台北市,時報鷹,三商虎
1995/7/20,8900,台中,味全龍,兄弟象
1995/7/20,3357,台北市,統一獅,俊國熊
1995/7/19,3817,台北市,俊國熊,時報鷹
1995/7/18,5393,台北市,三商虎,統一獅
1995/7/17,3730,新竹,統一獅,三商虎
1995/7/16,6530,屏東,兄弟象,俊國熊
1995/7/16,5592,台中,時報鷹,三商虎
1995/7/15,5137,屏東,俊國熊,兄弟象
1995/7/15,5701,台中,味全龍,統一獅
1995/7/14,7944,立德,兄弟象,俊國熊
1995/7/14,4225,台中,味全龍,三商虎
1995/7/13,6705,立德,俊國熊,兄弟象
1995/7/13,4805,新竹,時報鷹,統一獅
1995/7/11,4550,新竹,味全龍,時報鷹
1995/7/9,6368,台北市,時報鷹,統一獅
1995/7/8,2736,屏東,味全龍,三商虎
1995/7/8,6808,台北市,兄弟象,俊國熊
1995/7/7,4029,立德,三商虎,味全龍
1995/7/7,13957,台北市,統一獅,兄弟象
1995/7/6,4401,立德,味全龍,三商虎
1995/7/6,2712,台北市,俊國熊,時報鷹
1995/7/5,3283,台北市,俊國熊,統一獅
1995/7/4,9940,台北市,時報鷹,兄弟象
1995/6/26,2880,立德,時報鷹,統一獅
1995/6/25,2550,立德,味全龍,俊國熊
1995/6/25,6581,台中,兄弟象,時報鷹
1995/6/24,2652,立德,俊國熊,味全龍
1995/6/24,1916,台中,統一獅,三商虎
1995/6/23,1804,屏東,味全龍,俊國熊
1995/6/23,3580,台中,三商虎,兄弟象
1995/6/22,1923,屏東,俊國熊,味全龍
1995/6/22,2323,台中,時報鷹,統一獅
1995/6/21,6301,台中,兄弟象,統一獅
1995/6/20,2033,台中,時報鷹,三商虎
1995/6/18,3263,台北市,時報鷹,三商虎
1995/6/18,5353,台南,統一獅,味全龍
1995/6/17,3377,台北市,三商虎,時報鷹
1995/6/17,3288,台南,兄弟象,俊國熊
1995/6/17,4415,台南,統一獅,俊國熊
1995/6/16,2122,台北市,時報鷹,三商虎
1995/6/16,9500,台南,兄弟象,統一獅
1995/6/15,1813,台北市,三商虎,時報鷹
1995/6/15,1639,台南,俊國熊,味全龍
1995/6/13,4202,台南,兄弟象,味全龍
1995/6/13,3745,屏東,時報鷹,統一獅
1995/6/12,3263,屏東,統一獅,時報鷹
1995/6/12,2535,台中,味全龍,三商虎
1995/6/11,3622,台中,味全龍,俊國熊
1995/6/11,4571,台中,俊國熊,兄弟象
1995/6/10,4872,立德,統一獅,時報鷹
1995/6/10,7021,台中,三商虎,兄弟象
1995/6/7,11000,新竹,兄弟象,味全龍
1995/6/6,2007,新竹,俊國熊,三商虎
1995/6/5,5763,屏東,俊國熊,兄弟象
1995/6/4,5400,台中,三商虎,味全龍
1995/6/3,6521,台中,味全龍,三商虎
1995/6/3,8148,屏東,時報鷹,統一獅
1995/6/2,8699,台中,三商虎,味全龍
1995/6/2,9500,立德,統一獅,兄弟象
1995/6/1,4583,台中,味全龍,三商虎
1995/6/1,2562,立德,俊國熊,時報鷹
1995/5/31,9500,立德,兄弟象,時報鷹
1995/5/30,3214,立德,統一獅,俊國熊
1995/5/28,4785,台中,三商虎,俊國熊
1995/5/28,7002,新竹,統一獅,味全龍
1995/5/27,4319,台中,俊國熊,三商虎
1995/5/27,11000,新竹,時報鷹,兄弟象
1995/5/26,3511,台中,三商虎,俊國熊
1995/5/26,11000,新竹,統一獅,兄弟象
1995/5/25,3126,台中,俊國熊,三商虎
1995/5/25,5534,台北市,味全龍,時報鷹
1995/5/24,14000,台北市,兄弟象,味全龍
1995/5/23,5313,台北市,時報鷹,統一獅
1995/5/21,5786,台中,統一獅,俊國熊
1995/5/21,5817,台南,時報鷹,味全龍
1995/5/20,5418,台中,俊國熊,統一獅
1995/5/20,7916,台南,三商虎,兄弟象
1995/5/19,3581,台中,統一獅,俊國熊
1995/5/19,8058,台南,味全龍,兄弟象
1995/5/18,3121,台中,俊國熊,統一獅
1995/5/18,2928,台南,時報鷹,三商虎
1995/5/17,3093,台南,三商虎,味全龍
1995/5/16,5840,台南,時報鷹,兄弟象
1995/5/14,8900,台中,兄弟象,味全龍
1995/5/14,3750,立德,俊國熊,統一獅
1995/5/13,8900,台中,味全龍,兄弟象
1995/5/13,2599,立德,三商虎,時報鷹
1995/5/12,8900,台中,兄弟象,味全龍
1995/5/12,5826,立德,統一獅,時報鷹
1995/5/11,8900,台中,味全龍,兄弟象
1995/5/11,2277,屏東,俊國熊,三商虎
1995/5/10,4993,屏東,三商虎,統一獅
1995/5/9,2062,屏東,時報鷹,俊國熊
1995/5/7,6847,台北市,兄弟象,俊國熊
1995/5/7,6867,台中,三商虎,時報鷹
1995/5/6,8308,台北市,俊國熊,兄弟象
1995/5/6,8900,台中,味全龍,統一獅
1995/5/5,3762,台北市,兄弟象,俊國熊
1995/5/5,5529,台中,統一獅,時報鷹
1995/5/4,4012,台北市,俊國熊,兄弟象
1995/5/4,4748,台中,味全龍,三商虎
1995/5/3,6244,台中,時報鷹,味全龍
1995/5/2,6147,台中,統一獅,三商虎
1995/4/30,7644,台北市,味全龍,統一獅
1995/4/30,9500,立德,兄弟象,三商虎
1995/4/29,7922,台北市,統一獅,味全龍
1995/4/29,3091,立德,俊國熊,時報鷹
1995/4/28,5601,台北市,味全龍,統一獅
1995/4/28,6601,立德,俊國熊,兄弟象
1995/4/27,6239,台北市,統一獅,味全龍
1995/4/27,4250,立德,時報鷹,三商虎
1995/4/26,2100,立德,三商虎,俊國熊
1995/4/25,9500,立德,兄弟象,時報鷹
1995/4/23,10543,台北市,兄弟象,三商虎
1995/4/23,6560,台南,統一獅,俊國熊
1995/4/22,12870,台北市,三商虎,兄弟象
1995/4/22,5217,台南,味全龍,時報鷹
1995/4/21,10267,台北市,兄弟象,三商虎
1995/4/21,2151,台南,味全龍,俊國熊
1995/4/20,10604,台北市,三商虎,兄弟象
1995/4/20,8515,台南,統一獅,時報鷹
1995/4/19,6474,台南,味全龍,統一獅
1995/4/18,1927,台南,俊國熊,時報鷹
1995/4/16,7704,立德,三商虎,統一獅
1995/4/16,4242,台北市,俊國熊,味全龍
1995/4/15,7245,立德,統一獅,三商虎
1995/4/15,11966,台北市,時報鷹,兄弟象
1995/4/14,7135,台南,三商虎,統一獅
1995/4/14,1734,台北市,時報鷹,俊國熊
1995/4/13,6312,台南,統一獅,三商虎
1995/4/13,9516,台北市,味全龍,兄弟象
1995/4/12,3574,台北市,兄弟象,俊國熊
1995/4/11,3013,台北市,味全龍,時報鷹
1995/4/10,7187,台北市,兄弟象,時報鷹
1995/4/10,1603,新竹,俊國熊,統一獅
1995/4/9,8900,台中,時報鷹,兄弟象
1995/4/9,8180,台北市,味全龍,統一獅
1995/4/8,8900,台中,兄弟象,時報鷹
1995/4/8,4115,台北市,三商虎,俊國熊
1995/4/7,11000,新竹,時報鷹,兄弟象
1995/4/7,6512,台北市,三商虎,味全龍
1995/4/5,5218,台北市,味全龍,俊國熊
1995/4/5,5407,台北市,時報鷹,味全龍
1995/4/4,5025,新竹,統一獅,三商虎
1995/4/3,3000,台北市,三商虎,俊國熊
1995/4/3,4426,台北市,味全龍,三商虎
1995/4/2,9500,台南,兄弟象,統一獅
1995/4/1,9500,台南,統一獅,兄弟象
1995/4/1,1093,台北市,時報鷹,俊國熊
1995/3/31,9500,台南,兄弟象,統一獅
1995/3/30,9500,台南,統一獅,兄弟象
1995/3/29,4560,台北市,俊國熊,味全龍
1995/3/28,5102,台北市,三商虎,時報鷹
1995/3/26,2444,立德,時報鷹,俊國熊
1995/3/26,6028,台北市,三商虎,味全龍
1995/3/26,12453,台北市,統一獅,兄弟象
1995/3/25,1656,立德,俊國熊,時報鷹
1995/3/24,2005,立德,時報鷹,俊國熊
1995/3/24,3754,台北市,三商虎,統一獅
1995/3/23,2837,屏東,俊國熊,時報鷹
1995/3/23,11992,台北市,味全龍,兄弟象
1995/3/22,5390,台北市,統一獅,味全龍
1995/3/21,8409,新竹,兄弟象,三商虎
1995/3/19,5926,立德,時報鷹,味全龍
1995/3/19,2481,台北市,俊國熊,統一獅
1995/3/18,6200,立德,味全龍,時報鷹
1995/3/18,7692,台北市,兄弟象,三商虎
1995/3/17,4547,立德,時報鷹,味全龍
1995/3/17,2560,台北市,三商虎,統一獅
1995/3/16,4799,屏東,味全龍,時報鷹
1995/3/16,3624,台北市,兄弟象,俊國熊
1995/3/15,2957,台北市,俊國熊,三商虎
1995/3/14,14000,台北市,兄弟象,統一獅
1994/10/17,545,台北市,統一獅,三商虎
1994/10/16,3722,台中,俊國熊,三商虎
1994/10/16,2514,台北市,時報鷹,統一獅
1994/10/16,5455,台北市,統一獅,兄弟象
1994/10/15,3160,台中,三商虎,俊國熊
1994/10/15,14000,台北市,味全龍,兄弟象
1994/10/14,2403,台中,俊國熊,三商虎
1994/10/14,3015,台北市,統一獅,味全龍
1994/10/13,13683,台北市,兄弟象,時報鷹
1994/10/12,1792,台北市,時報鷹,味全龍
1994/10/11,11000,新竹,兄弟象,統一獅
1994/10/11,1555,台北市,時報鷹,三商虎
1994/10/11,730,台北市,三商虎,時報鷹
1994/10/9,2658,台南,味全龍,俊國熊
1994/10/9,9500,台南,統一獅,兄弟象
1994/10/8,9500,台南,統一獅,兄弟象
1994/10/7,2354,台北市,時報鷹,三商虎
1994/10/7,5616,台南,味全龍,兄弟象
1994/10/6,2745,台南,統一獅,俊國熊
1994/10/5,4249,台南,兄弟象,俊國熊
1994/10/4,4014,台南,味全龍,統一獅
1994/10/2,3292,屏東,統一獅,味全龍
1994/10/2,3606,台北市,俊國熊,時報鷹
1994/10/1,4909,立德,味全龍,統一獅
1994/10/1,10874,台北市,三商虎,兄弟象
1994/9/30,3420,立德,統一獅,味全龍
1994/9/30,1763,台北市,俊國熊,三商虎
1994/9/29,10719,台北市,時報鷹,兄弟象
1994/9/28,11000,新竹,俊國熊,兄弟象
1994/9/27,3949,新竹,三商虎,時報鷹
1994/9/26,9023,屏東,兄弟象,味全龍
1994/9/25,9500,台中,俊國熊,兄弟象
1994/9/25,6800,立德,味全龍,統一獅
1994/9/24,7533,台中,兄弟象,俊國熊
1994/9/24,3046,立德,三商虎,時報鷹
1994/9/23,6357,台中,俊國熊,兄弟象
1994/9/23,3030,立德,三商虎,味全龍
1994/9/22,3226,立德,統一獅,時報鷹
1994/9/21,1032,屏東,統一獅,三商虎
1994/9/20,3885,屏東,味全龍,時報鷹
1994/9/19,9500,立德,兄弟象,三商虎
1994/9/18,4934,台南,統一獅,三商虎
1994/9/18,6736,台中,味全龍,俊國熊
1994/9/17,3838,台南,三商虎,統一獅
1994/9/17,9500,台中,兄弟象,時報鷹
1994/9/16,3539,台南,統一獅,三商虎
1994/9/16,3771,台中,味全龍,時報鷹
1994/9/15,7733,台中,俊國熊,兄弟象
1994/9/14,11000,新竹,兄弟象,味全龍
1994/9/13,2457,新竹,時報鷹,俊國熊
1994/9/11,10000,屏東,時報鷹,兄弟象
1994/9/11,5798,台北市,味全龍,統一獅
1994/9/10,9500,立德,兄弟象,時報鷹
1994/9/10,2790,台北市,俊國熊,三商虎
1994/9/9,9500,立德,時報鷹,兄弟象
1994/9/9,3942,台北市,味全龍,三商虎
1994/9/8,1765,台北市,統一獅,俊國熊
1994/9/8,7475,立德,兄弟象,時報鷹
1994/9/7,2295,台北市,俊國熊,味全龍
1994/9/6,2734,台北市,三商虎,統一獅
1994/9/4,7777,台南,統一獅,時報鷹
1994/9/4,5673,台北市,味全龍,三商虎
1994/9/4,1607,台北市,三商虎,俊國熊
1994/9/3,6435,台南,時報鷹,統一獅
1994/9/3,6551,台北市,俊國熊,兄弟象
1994/9/2,6142,台南,統一獅,時報鷹
1994/9/2,9909,台北市,兄弟象,味全龍
1994/8/31,8346,台北市,兄弟象,三商虎
1994/8/30,2855,台北市,俊國熊,味全龍
1994/8/29,3698,台北市,三商虎,時報鷹
1994/8/28,14000,台北市,味全龍,兄弟象
1994/8/28,7606,台中,時報鷹,三商虎
1994/8/28,2288,台中,俊國熊,統一獅
1994/8/27,13813,台北市,兄弟象,味全龍
1994/8/27,4103,台中,統一獅,俊國熊
1994/8/26,14000,台北市,味全龍,兄弟象
1994/8/26,6199,台中,三商虎,統一獅
1994/8/25,4642,台中,時報鷹,俊國熊
1994/8/24,7566,新竹,時報鷹,統一獅
1994/8/23,3496,新竹,三商虎,俊國熊
1994/8/22,11407,台北市,兄弟象,統一獅
1994/8/21,3090,屏東,俊國熊,味全龍
1994/8/20,2994,立德,味全龍,俊國熊
1994/8/19,3535,立德,俊國熊,味全龍
1994/8/19,10042,台北市,兄弟象,三商虎
1994/8/18,4023,台北市,時報鷹,統一獅
1994/8/17,10887,台北市,兄弟象,時報鷹
1994/8/14,6724,台北市,味全龍,時報鷹
1994/8/14,8208,台南,統一獅,兄弟象
1994/8/13,3830,台北市,三商虎,俊國熊
1994/8/12,2793,台北市,時報鷹,俊國熊
1994/8/11,6535,台北市,三商虎,味全龍
1994/8/10,4536,台北市,時報鷹,三商虎
1994/8/9,3525,台北市,味全龍,俊國熊
1994/8/7,2937,台中,俊國熊,統一獅
1994/8/6,2960,台中,統一獅,俊國熊
1994/8/6,3493,立德,三商虎,味全龍
1994/8/6,2435,立德,味全龍,時報鷹
1994/8/2,3641,屏東,三商虎,時報鷹
1994/7/31,13846,台北市,三商虎,兄弟象
1994/7/31,7569,台中,俊國熊,味全龍
1994/7/30,11411,台北市,兄弟象,三商虎
1994/7/30,4885,台中,統一獅,時報鷹
1994/7/29,13397,台北市,三商虎,兄弟象
1994/7/29,4329,台中,俊國熊,時報鷹
1994/7/28,5940,台中,統一獅,味全龍
1994/7/27,7640,新竹,時報鷹,味全龍
1994/7/26,2148,新竹,統一獅,俊國熊
1994/7/25,5102,立德,味全龍,三商虎
1994/7/24,3483,屏東,味全龍,三商虎
1994/7/24,3030,台北市,俊國熊,時報鷹
1994/7/23,6533,立德,三商虎,味全龍
1994/7/23,12095,台北市,兄弟象,統一獅
1994/7/23,1280,台北市,時報鷹,俊國熊
1994/7/22,2027,台北市,俊國熊,統一獅
1994/7/21,10136,台北市,時報鷹,兄弟象
1994/7/20,3153,台北市,時報鷹,統一獅
1994/7/19,6270,台北市,兄弟象,俊國熊
1994/7/18,11942,台北市,兄弟象,味全龍
1994/7/17,6012,台北市,時報鷹,味全龍
1994/7/17,6167,台南,兄弟象,俊國熊
1994/7/16,5813,台北市,味全龍,時報鷹
1994/7/16,5040,台南,統一獅,三商虎
1994/7/15,5424,台北市,時報鷹,味全龍
1994/7/15,2262,台南,俊國熊,三商虎
1994/7/14,9500,台南,統一獅,兄弟象
1994/7/13,3555,台南,俊國熊,統一獅
1994/7/12,4120,台南,三商虎,兄弟象
1994/7/9,2791,立德,俊國熊,時報鷹
1994/7/9,4585,台北市,三商虎,統一獅
1994/7/8,2836,立德,時報鷹,俊國熊
1994/7/8,4912,台北市,味全龍,統一獅
1994/7/7,9295,台北市,三商虎,兄弟象
1994/7/6,6417,台北市,三商虎,味全龍
1994/7/5,12250,台北市,兄弟象,統一獅
1994/6/26,6033,屏東,兄弟象,三商虎
1994/6/26,2526,台中,統一獅,俊國熊
1994/6/25,6124,立德,三商虎,兄弟象
1994/6/25,3001,台中,味全龍,時報鷹
1994/6/24,5779,立德,兄弟象,三商虎
1994/6/24,1919,台中,時報鷹,俊國熊
1994/6/23,2523,台中,統一獅,味全龍
1994/6/22,2832,新竹,味全龍,俊國熊
1994/6/22,10382,台北市,兄弟象,統一獅
1994/6/21,3075,新竹,統一獅,時報鷹
1994/6/20,1383,台北市,味全龍,俊國熊
1994/6/19,2022,台南,時報鷹,三商虎
1994/6/19,1353,台南,三商虎,時報鷹
1994/6/19,5804,台北市,味全龍,兄弟象
1994/6/17,1444,台南,時報鷹,三商虎
1994/6/17,1677,台北市,俊國熊,統一獅
1994/6/15,2551,台北市,味全龍,統一獅
1994/6/14,4711,台北市,兄弟象,俊國熊
1994/6/13,4406,台北市,味全龍,三商虎
1994/6/12,2630,立德,俊國熊,統一獅
1994/6/11,4854,台北市,三商虎,味全龍
1994/6/11,9500,立德,兄弟象,時報鷹
1994/6/10,3680,台北市,味全龍,三商虎
1994/6/10,6845,立德,俊國熊,兄弟象
1994/6/9,2478,立德,統一獅,時報鷹
1994/6/8,10000,屏東,兄弟象,統一獅
1994/6/7,2400,屏東,俊國熊,時報鷹
1994/6/5,9500,台中,兄弟象,味全龍
1994/6/5,4351,台南,三商虎,統一獅
1994/6/4,9500,台中,味全龍,兄弟象
1994/6/4,2126,台南,時報鷹,俊國熊
1994/6/4,2024,台南,統一獅,俊國熊
1994/6/3,9500,台中,兄弟象,味全龍
1994/6/3,4552,台南,時報鷹,統一獅
1994/6/2,1338,台南,三商虎,俊國熊
1994/5/31,1362,台南,時報鷹,三商虎
1994/5/29,9500,台中,俊國熊,兄弟象
1994/5/29,8309,台北市,味全龍,三商虎
1994/5/28,9500,台中,兄弟象,俊國熊
1994/5/28,3894,台北市,統一獅,時報鷹
1994/5/27,8797,台中,俊國熊,兄弟象
1994/5/27,5762,台北市,味全龍,統一獅
1994/5/26,2672,台北市,時報鷹,三商虎
1994/5/25,3312,台北市,時報鷹,味全龍
1994/5/24,5090,新竹,三商虎,統一獅
1994/5/23,4090,屏東,味全龍,三商虎
1994/5/22,14000,台北市,時報鷹,兄弟象
1994/5/22,3533,立德,三商虎,俊國熊
1994/5/21,13027,台北市,兄弟象,時報鷹
1994/5/21,7503,立德,統一獅,味全龍
1994/5/20,12110,台北市,時報鷹,兄弟象
1994/5/20,2734,立德,俊國熊,味全龍
1994/5/19,5180,立德,統一獅,三商虎
1994/5/17,2526,屏東,俊國熊,統一獅
1994/5/15,6164,台南,統一獅,味全龍
1994/5/15,9500,台中,兄弟象,俊國熊
1994/5/14,6050,台南,味全龍,統一獅
1994/5/14,3984,台中,三商虎,時報鷹
1994/5/13,5796,台南,統一獅,味全龍
1994/5/13,9500,台中,兄弟象,三商虎
1994/5/12,2478,台中,俊國熊,時報鷹
1994/5/11,2811,新竹,三商虎,俊國熊
1994/5/10,10318,新竹,時報鷹,兄弟象
1994/5/8,4833,屏東,時報鷹,味全龍
1994/5/8,14000,台北市,三商虎,兄弟象
1994/5/8,12512,台北市,統一獅,兄弟象
1994/5/7,4742,立德,味全龍,時報鷹
1994/5/7,3699,台北市,俊國熊,統一獅
1994/5/6,3516,立德,時報鷹,味全龍
1994/5/6,7556,台北市,兄弟象,俊國熊
1994/5/5,6883,台北市,三商虎,統一獅
1994/5/3,2419,台北市,俊國熊,三商虎
1994/5/1,4677,屏東,統一獅,三商虎
1994/5/1,14000,台北市,兄弟象,味全龍
1994/4/30,6391,立德,三商虎,統一獅
1994/4/30,3726,台北市,俊國熊,時報鷹
1994/4/29,4491,立德,統一獅,三商虎
1994/4/29,12684,台北市,兄弟象,時報鷹
1994/4/28,2726,台北市,俊國熊,味全龍
1994/4/27,10298,新竹,俊國熊,兄弟象
1994/4/26,4028,新竹,時報鷹,味全龍
1994/4/24,5058,台中,俊國熊,時報鷹
1994/4/24,7854,台南,兄弟象,三商虎
1994/4/23,4601,台中,時報鷹,俊國熊
1994/4/23,6927,台南,味全龍,統一獅
1994/4/22,3660,台中,俊國熊,時報鷹
1994/4/22,2528,台南,三商虎,味全龍
1994/4/21,9500,台南,兄弟象,統一獅
1994/4/20,3783,台南,統一獅,三商虎
1994/4/19,6602,台南,味全龍,兄弟象
1994/4/17,5369,台中,時報鷹,統一獅
1994/4/17,7646,立德,味全龍,三商虎
1994/4/16,4718,台中,統一獅,時報鷹
1994/4/16,9500,立德,兄弟象,俊國熊
1994/4/15,3323,台中,時報鷹,統一獅
1994/4/15,3176,立德,味全龍,俊國熊
1994/4/14,9500,立德,三商虎,兄弟象
1994/4/13,2566,屏東,俊國熊,三商虎
1994/4/12,9573,屏東,味全龍,兄弟象
1994/4/10,5261,台南,統一獅,俊國熊
1994/4/10,9546,台北市,三商虎,時報鷹
1994/4/9,4484,台南,俊國熊,統一獅
1994/4/9,14000,台北市,味全龍,兄弟象
1994/4/8,5657,台南,統一獅,俊國熊
1994/4/8,14000,台北市,三商虎,兄弟象
1994/4/7,8097,台北市,味全龍,時報鷹
1994/4/6,14000,台北市,三商虎,味全龍
1994/4/5,14000,台北市,時報鷹,兄弟象
1994/4/3,9500,台南,統一獅,兄弟象
1994/4/3,8608,台中,時報鷹,味全龍
1994/4/2,9500,台南,兄弟象,統一獅
1994/4/2,5272,台中,三商虎,俊國熊
1994/4/1,9500,台南,統一獅,兄弟象
1994/4/1,3558,台中,時報鷹,三商虎
1994/3/31,3941,台中,味全龍,俊國熊
1994/3/30,1578,新竹,時報鷹,俊國熊
1994/3/29,6779,新竹,三商虎,味全龍
1994/3/28,5071,台中,味全龍,俊國熊
1994/3/27,5193,台中,俊國熊,三商虎
1994/3/27,9822,屏東,兄弟象,時報鷹
1994/3/26,4377,台中,三商虎,俊國熊
1994/3/26,5592,屏東,統一獅,味全龍
1994/3/25,3375,台中,俊國熊,三商虎
1994/3/25,3737,屏東,時報鷹,統一獅
1994/3/24,9500,立德,兄弟象,味全龍
1994/3/23,9500,立德,統一獅,兄弟象
1994/3/22,3745,立德,味全龍,時報鷹
1994/3/20,8151,台中,俊國熊,味全龍
1994/3/20,6478,台南,統一獅,時報鷹
1994/3/20,4335,台南,兄弟象,三商虎
1994/3/18,7487,台中,俊國熊,味全龍
1994/3/18,3561,台南,時報鷹,兄弟象
1994/3/17,3901,台南,三商虎,統一獅
1994/3/16,2204,台南,三商虎,時報鷹
1994/3/15,9500,台南,兄弟象,統一獅
1993/10/10,5492,台南,兄弟象,三商虎
1993/10/10,8153,台北市,味全龍,俊國熊
1993/10/9,10000,屏東,三商虎,兄弟象
1993/10/9,2181,台北市,俊國熊,時報鷹
1993/10/9,2102,台北市,味全龍,統一獅
1993/10/8,2832,台南,兄弟象,三商虎
1993/10/8,1295,台北市,俊國熊,統一獅
1993/10/6,1810,台北市,時報鷹,味全龍
1993/10/5,897,台北市,統一獅,時報鷹
1993/10/3,4264,立德,統一獅,俊國熊
1993/10/3,7392,台北市,三商虎,兄弟象
1993/10/2,4040,屏東,俊國熊,統一獅
1993/10/2,2697,台北市,三商虎,時報鷹
1993/10/2,4930,台北市,味全龍,兄弟象
1993/10/1,2802,立德,統一獅,俊國熊
1993/10/1,4426,台北市,時報鷹,兄弟象
1993/9/30,2023,台北市,味全龍,時報鷹
1993/9/28,1297,台北市,味全龍,三商虎
1993/9/26,4049,台北市,三商虎,時報鷹
1993/9/26,4383,台中,俊國熊,統一獅
1993/9/25,2955,台北市,時報鷹,三商虎
1993/9/25,7977,台中,兄弟象,俊國熊
1993/9/24,1888,台北市,三商虎,時報鷹
1993/9/24,3691,台中,俊國熊,味全龍
1993/9/23,5137,新竹,統一獅,味全龍
1993/9/22,7253,新竹,味全龍,兄弟象
1993/9/21,8424,新竹,兄弟象,統一獅
1993/9/19,8326,台中,時報鷹,兄弟象
1993/9/19,9500,台南,統一獅,味全龍
1993/9/18,6737,台中,兄弟象,時報鷹
1993/9/18,6262,屏東,俊國熊,味全龍
1993/9/17,5596,新竹,時報鷹,兄弟象
1993/9/17,2432,台南,味全龍,三商虎
1993/9/16,1644,台南,三商虎,俊國熊
1993/9/15,5522,台南,統一獅,俊國熊
1993/9/14,4088,台南,三商虎,統一獅
1993/9/12,14000,台北市,兄弟象,味全龍
1993/9/12,3525,新竹,三商虎,時報鷹
1993/9/11,14000,台北市,味全龍,兄弟象
1993/9/11,3964,新竹,統一獅,俊國熊
1993/9/10,11344,台北市,兄弟象,味全龍
1993/9/10,2237,新竹,時報鷹,俊國熊
1993/9/9,3263,台北市,時報鷹,統一獅
1993/9/8,3403,台北市,統一獅,三商虎
1993/9/7,2019,台北市,三商虎,俊國熊
1993/9/5,6699,立德,味全龍,時報鷹
1993/9/5,4934,台中,統一獅,三商虎
1993/9/4,8412,屏東,時報鷹,味全龍
1993/9/4,9500,台中,兄弟象,統一獅
1993/9/3,3716,立德,味全龍,時報鷹
1993/9/3,5528,台中,兄弟象,三商虎
1993/9/2,3817,台中,俊國熊,統一獅
1993/9/1,2941,台中,俊國熊,三商虎
1993/8/31,9500,台中,俊國熊,兄弟象
1993/8/29,8596,台南,統一獅,時報鷹
1993/8/29,6092,台北市,俊國熊,三商虎
1993/8/28,8922,屏東,時報鷹,統一獅
1993/8/28,6446,台北市,味全龍,俊國熊
1993/8/27,7530,台南,統一獅,時報鷹
1993/8/27,10857,台北市,兄弟象,俊國熊
1993/8/26,5945,台北市,三商虎,味全龍
1993/8/25,10198,台北市,三商虎,兄弟象
1993/8/24,14000,台北市,味全龍,兄弟象
1993/8/23,4258,台北市,時報鷹,味全龍
1993/8/22,7578,台中,味全龍,統一獅
1993/8/22,3866,立德,俊國熊,時報鷹
1993/8/21,7568,台中,統一獅,味全龍
1993/8/21,10000,屏東,兄弟象,三商虎
1993/8/20,6567,新竹,味全龍,統一獅
1993/8/20,2866,立德,俊國熊,三商虎
1993/8/19,6905,立德,俊國熊,兄弟象
1993/8/18,6357,立德,兄弟象,時報鷹
1993/8/17,2654,立德,時報鷹,三商虎
1993/8/15,9500,立德,兄弟象,俊國熊
1993/8/15,10055,台北市,味全龍,三商虎
1993/8/14,6772,立德,俊國熊,兄弟象
1993/8/13,6677,立德,兄弟象,俊國熊
1993/8/13,4556,台北市,時報鷹,統一獅
1993/8/12,4168,台北市,三商虎,統一獅
1993/8/11,4229,台北市,時報鷹,三商虎
1993/8/10,8001,台北市,統一獅,味全龍
1993/8/8,7217,台中,味全龍,俊國熊
1993/8/8,9500,台南,統一獅,兄弟象
1993/8/7,6820,台中,俊國熊,味全龍
1993/8/7,5655,台南,兄弟象,時報鷹
1993/8/6,6442,新竹,味全龍,俊國熊
1993/8/6,5818,台南,統一獅,三商虎
1993/8/5,2346,台南,時報鷹,三商虎
1993/8/4,5834,台南,統一獅,時報鷹
1993/8/3,4354,台南,三商虎,兄弟象
1993/8/2,2858,台北市,統一獅,時報鷹
1993/8/1,7061,立德,三商虎,味全龍
1993/8/1,10802,台北市,俊國熊,兄弟象
1993/7/31,6057,立德,味全龍,三商虎
1993/7/30,5666,立德,三商虎,味全龍
1993/7/30,14000,台北市,統一獅,兄弟象
1993/7/29,2317,台北市,時報鷹,俊國熊
1993/7/28,8098,台北市,時報鷹,兄弟象
1993/7/27,2812,台北市,統一獅,俊國熊
1993/7/25,9500,台南,兄弟象,統一獅
1993/7/25,5807,台中,時報鷹,味全龍
1993/7/24,9500,台南,統一獅,兄弟象
1993/7/24,4797,台中,三商虎,俊國熊
1993/7/23,9500,台南,兄弟象,統一獅
1993/7/23,2592,台中,時報鷹,三商虎
1993/7/22,5774,台中,俊國熊,味全龍
1993/7/21,5143,台中,味全龍,三商虎
1993/7/20,3504,台中,俊國熊,時報鷹
1993/7/18,4907,台中,三商虎,統一獅
1993/7/18,10742,台北市,兄弟象,時報鷹
1993/7/17,4755,台中,統一獅,三商虎
1993/7/17,8324,台北市,兄弟象,俊國熊
1993/7/16,4463,台中,三商虎,統一獅
1993/7/16,4371,台北市,俊國熊,味全龍
1993/7/15,14000,台北市,兄弟象,味全龍
1993/7/14,2259,台北市,時報鷹,俊國熊
1993/7/13,3733,台北市,味全龍,時報鷹
1993/7/11,3600,台南,俊國熊,時報鷹
1993/7/11,14000,台北市,味全龍,兄弟象
1993/7/10,1826,台南,時報鷹,俊國熊
1993/7/10,7377,台北市,三商虎,味全龍
1993/7/9,2855,台南,俊國熊,時報鷹
1993/7/9,6351,台北市,味全龍,統一獅
1993/7/8,8817,台北市,兄弟象,三商虎
1993/7/7,10420,台北市,兄弟象,統一獅
1993/7/6,4182,台北市,三商虎,統一獅
1993/7/4,4756,台北市,俊國熊,三商虎
1993/7/4,4344,立德,時報鷹,統一獅
1993/7/3,3529,台北市,三商虎,俊國熊
1993/7/3,9500,立德,兄弟象,味全龍
1993/7/2,3464,台北市,俊國熊,三商虎
1993/7/2,3525,立德,時報鷹,味全龍
1993/7/1,9309,立德,統一獅,兄弟象
1993/6/30,5863,立德,味全龍,統一獅
1993/6/29,7003,立德,時報鷹,兄弟象
1993/6/21,4911,台中,統一獅,兄弟象
1993/6/20,2222,立德,三商虎,時報鷹
1993/6/20,3022,台北市,俊國熊,味全龍
1993/6/20,3031,台北市,兄弟象,俊國熊
1993/6/19,2008,立德,時報鷹,三商虎
1993/6/19,13073,台北市,統一獅,兄弟象
1993/6/19,2233,台北市,俊國熊,統一獅
1993/6/18,1822,立德,三商虎,時報鷹
1993/6/18,4645,台北市,統一獅,味全龍
1993/6/17,14000,台北市,味全龍,兄弟象
1993/6/16,3643,新竹,時報鷹,味全龍
1993/6/15,1491,台北市,俊國熊,統一獅
1993/6/15,6370,新竹,三商虎,兄弟象
1993/6/14,735,台北市,時報鷹,三商虎
1993/6/14,1855,台北市,統一獅,俊國熊
1993/6/13,9500,台中,統一獅,兄弟象
1993/6/13,3076,台北市,俊國熊,時報鷹
1993/6/12,9500,台中,兄弟象,統一獅
1993/6/12,6311,台北市,三商虎,味全龍
1993/6/11,2965,台北市,味全龍,時報鷹
1993/6/10,2266,台北市,味全龍,俊國熊
1993/6/9,761,台北市,三商虎,俊國熊
1993/6/7,1368,台北市,統一獅,俊國熊
1993/6/5,836,台南,時報鷹,三商虎
1993/6/4,1673,台北市,俊國熊,統一獅
1993/6/4,3619,台南,時報鷹,兄弟象
1993/6/2,9500,台南,兄弟象,味全龍
1993/6/1,2516,台南,三商虎,味全龍
1993/5/31,822,台中,時報鷹,俊國熊
1993/5/30,9500,立德,兄弟象,三商虎
1993/5/30,3761,台中,統一獅,時報鷹
1993/5/29,9500,立德,三商虎,兄弟象
1993/5/29,4237,台中,統一獅,俊國熊
1993/5/29,4648,台中,統一獅,味全龍
1993/5/28,7534,立德,兄弟象,三商虎
1993/5/28,4550,台中,味全龍,俊國熊
1993/5/25,2445,台中,時報鷹,味全龍
1993/5/23,3211,立德,時報鷹,俊國熊
1993/5/23,14000,台北市,味全龍,兄弟象
1993/5/22,2923,立德,俊國熊,時報鷹
1993/5/22,8866,台北市,味全龍,統一獅
1993/5/21,2195,立德,時報鷹,俊國熊
1993/5/21,3817,台北市,三商虎,統一獅
1993/5/20,8911,新竹,兄弟象,三商虎
1993/5/19,4528,新竹,味全龍,三商虎
1993/5/19,8878,台北市,兄弟象,俊國熊
1993/5/18,8552,新竹,統一獅,兄弟象
1993/5/16,4544,台中,三商虎,俊國熊
1993/5/16,9149,立德,統一獅,味全龍
1993/5/15,4423,台中,俊國熊,三商虎
1993/5/15,4511,立德,統一獅,時報鷹
1993/5/14,2899,新竹,三商虎,俊國熊
1993/5/14,9500,立德,味全龍,兄弟象
1993/5/13,8425,立德,兄弟象,統一獅
1993/5/12,3357,立德,味全龍,時報鷹
1993/5/11,7649,立德,兄弟象,時報鷹
1993/5/9,6354,台南,三商虎,統一獅
1993/5/8,5922,台南,統一獅,三商虎
1993/5/8,14000,台北市,兄弟象,味全龍
1993/5/8,1782,台北市,時報鷹,俊國熊
1993/5/7,4595,台南,三商虎,統一獅
1993/5/7,1931,台北市,俊國熊,時報鷹
1993/5/6,3637,台北市,時報鷹,味全龍
1993/5/5,6710,台北市,兄弟象,時報鷹
1993/5/4,3292,台北市,俊國熊,味全龍
1993/5/3,1791,台北市,三商虎,時報鷹
1993/5/2,7789,立德,味全龍,統一獅
1993/5/2,12972,台北市,時報鷹,兄弟象
1993/5/1,9228,立德,統一獅,味全龍
1993/4/30,5520,立德,味全龍,統一獅
1993/4/30,8855,台北市,俊國熊,兄弟象
1993/4/29,3221,台中,俊國熊,三商虎
1993/4/28,9064,台中,兄弟象,三商虎
1993/4/27,2915,台中,時報鷹,俊國熊
1993/4/26,3593,台北市,味全龍,三商虎
1993/4/25,5791,台中,味全龍,時報鷹
1993/4/25,6482,台南,俊國熊,統一獅
1993/4/24,6006,台中,時報鷹,味全龍
1993/4/24,8413,台南,統一獅,三商虎
1993/4/23,4780,新竹,味全龍,時報鷹
1993/4/23,7159,台南,三商虎,兄弟象
1993/4/22,3412,台南,兄弟象,俊國熊
1993/4/21,9500,台南,統一獅,兄弟象
1993/4/20,2345,台南,三商虎,俊國熊
1993/4/18,9500,台南,俊國熊,兄弟象
1993/4/18,4053,台中,三商虎,味全龍
1993/4/17,9301,台南,兄弟象,俊國熊
1993/4/17,6239,台中,味全龍,時報鷹
1993/4/16,6262,台南,俊國熊,兄弟象
1993/4/16,2944,台中,時報鷹,統一獅
1993/4/15,3357,台中,統一獅,三商虎
1993/4/14,3346,台中,三商虎,時報鷹
1993/4/13,3078,台中,味全龍,統一獅
1993/4/12,2525,新竹,俊國熊,時報鷹
1993/4/11,9500,台中,兄弟象,味全龍
1993/4/11,4251,台北市,統一獅,三商虎
1993/4/10,9500,台中,味全龍,兄弟象
1993/4/10,4878,台北市,三商虎,俊國熊
1993/4/10,3066,台北市,時報鷹,統一獅
1993/4/9,8825,新竹,兄弟象,味全龍
1993/4/9,3446,台北市,時報鷹,三商虎
1993/4/5,11543,台北市,三商虎,兄弟象
1993/4/5,5503,台北市,統一獅,時報鷹
1993/4/4,8103,台南,味全龍,俊國熊
1993/4/4,6364,台北市,三商虎,時報鷹
1993/4/3,6391,台南,俊國熊,味全龍
1993/4/3,9675,台北市,兄弟象,時報鷹
1993/4/2,4465,台南,味全龍,俊國熊
1993/4/2,8647,台北市,兄弟象,統一獅
1993/4/1,2769,台北市,時報鷹,統一獅
1993/3/31,3079,台北市,三商虎,統一獅
1993/3/29,5572,台北市,三商虎,味全龍
1993/3/29,2104,台北市,俊國熊,統一獅
1993/3/28,12638,台北市,兄弟象,時報鷹
1993/3/28,8047,立德,俊國熊,三商虎
1993/3/27,13878,台北市,時報鷹,兄弟象
1993/3/27,7327,立德,味全龍,俊國熊
1993/3/26,8977,台北市,兄弟象,時報鷹
1993/3/26,4736,立德,味全龍,三商虎
1993/3/25,4574,立德,統一獅,俊國熊
1993/3/24,5236,立德,統一獅,味全龍
1993/3/23,3976,立德,統一獅,三商虎
1993/3/23,9029,台北市,時報鷹,兄弟象
1993/3/22,7391,台北市,俊國熊,兄弟象
1993/3/21,8325,台北市,三商虎,味全龍
1993/3/21,7507,新竹,兄弟象,統一獅
1993/3/14,7796,台南,時報鷹,統一獅
1993/3/14,5351,台中,俊國熊,味全龍
1993/3/13,8059,台南,統一獅,時報鷹
1993/3/13,9500,台中,俊國熊,兄弟象
1993/3/12,8150,台南,時報鷹,統一獅
1993/3/12,5584,台中,俊國熊,三商虎
1993/3/11,5009,台北市,味全龍,三商虎
1993/3/10,7316,台北市,三商虎,兄弟象
1993/3/9,14000,台北市,兄弟象,味全龍
1992/10/25,5678,台北市,三商虎,味全龍
1992/10/25,11967,台北市,統一獅,兄弟象
1992/10/24,14000,台北市,兄弟象,三商虎
1992/10/24,3234,台北市,味全龍,統一獅
1992/10/23,4141,台北市,三商虎,統一獅
1992/10/22,12460,台北市,兄弟象,味全龍
1992/10/18,9000,立德,三商虎,兄弟象
1992/10/18,5691,立德,統一獅,味全龍
1992/10/17,9000,立德,統一獅,兄弟象
1992/10/17,3744,立德,味全龍,三商虎
1992/10/16,5419,立德,統一獅,三商虎
1992/10/15,8832,立德,味全龍,兄弟象
1992/10/11,13665,台北市,兄弟象,統一獅
1992/10/11,6151,台北市,三商虎,味全龍
1992/10/10,8198,台北市,味全龍,統一獅
1992/10/10,13368,台北市,兄弟象,三商虎
1992/10/9,12617,台北市,兄弟象,味全龍
1992/10/8,2959,台北市,三商虎,統一獅
1992/10/4,7668,立德,統一獅,味全龍
1992/10/4,9000,立德,三商虎,兄弟象
1992/10/3,7011,立德,味全龍,三商虎
1992/10/3,6052,立德,統一獅,兄弟象
1992/10/2,9000,立德,味全龍,兄弟象
1992/10/1,3978,立德,統一獅,三商虎
1992/9/30,9000,台中,味全龍,兄弟象
1992/9/27,9707,台北市,味全龍,統一獅
1992/9/27,6786,台北市,三商虎,味全龍
1992/9/26,11672,台北市,兄弟象,三商虎
1992/9/26,6156,台北市,兄弟象,味全龍
1992/9/25,3320,台北市,三商虎,味全龍
1992/9/24,7621,台北市,兄弟象,統一獅
1992/9/23,2753,台北市,三商虎,統一獅
1992/9/20,8540,台中,三商虎,兄弟象
1992/9/20,6128,台中,統一獅,兄弟象
1992/9/19,4199,台中,統一獅,味全龍
1992/9/19,2976,台中,統一獅,兄弟象
1992/9/17,2375,台中,統一獅,三商虎
1992/9/16,6348,台中,統一獅,兄弟象
1992/9/15,2729,台中,味全龍,三商虎
1992/9/13,4278,台北市,三商虎,統一獅
1992/9/13,8983,台北市,兄弟象,統一獅
1992/9/12,14000,台北市,兄弟象,味全龍
1992/9/12,4189,台北市,三商虎,統一獅
1992/9/11,6878,台北市,味全龍,統一獅
1992/9/10,7128,台北市,兄弟象,三商虎
1992/9/9,3333,台北市,三商虎,味全龍
1992/9/8,5452,台北市,兄弟象,統一獅
1992/9/6,5776,台中,三商虎,兄弟象
1992/9/6,7114,台中,味全龍,兄弟象
1992/9/5,3321,台中,統一獅,味全龍
1992/9/5,1283,台中,味全龍,三商虎
1992/9/3,2162,台中,味全龍,三商虎
1992/9/2,6886,台中,味全龍,兄弟象
1992/9/1,1059,台中,統一獅,三商虎
1992/8/27,8676,台北市,兄弟象,味全龍
1992/8/26,4125,台北市,味全龍,統一獅
1992/8/25,7849,台北市,兄弟象,三商虎
1992/8/23,3996,台中,統一獅,味全龍
1992/8/22,1821,台中,統一獅,三商虎
1992/8/19,4319,台中,三商虎,兄弟象
1992/8/16,14000,台北市,兄弟象,三商虎
1992/8/15,6510,台北市,味全龍,統一獅
1992/8/14,7970,台北市,兄弟象,統一獅
1992/8/13,4631,台北市,三商虎,味全龍
1992/8/12,10100,台北市,兄弟象,味全龍
1992/8/11,3117,台北市,三商虎,統一獅
1992/8/9,3591,台中,統一獅,味全龍
1992/8/9,3589,台中,三商虎,兄弟象
1992/8/7,2375,台中,味全龍,三商虎
1992/8/6,3853,台中,統一獅,兄弟象
1992/8/5,1907,台中,統一獅,三商虎
1992/8/4,3873,台中,味全龍,兄弟象
1992/8/2,13517,台北市,兄弟象,味全龍
1992/8/1,2396,台北市,三商虎,統一獅
1992/7/31,7306,台北市,兄弟象,三商虎
1992/7/30,4094,台北市,味全龍,統一獅
1992/7/29,8141,台北市,兄弟象,統一獅
1992/7/28,3484,新竹,三商虎,味全龍
1992/7/26,5149,台中,統一獅,味全龍
1992/7/25,7411,台中,三商虎,兄弟象
1992/7/24,3495,台中,統一獅,三商虎
1992/7/23,8842,台中,味全龍,兄弟象
1992/7/22,4374,台中,味全龍,三商虎
1992/7/21,7313,台中,統一獅,兄弟象
1992/7/19,11858,台北市,兄弟象,統一獅
1992/7/19,5182,台北市,三商虎,味全龍
1992/7/17,10666,台北市,兄弟象,味全龍
1992/7/16,3576,台北市,三商虎,統一獅
1992/7/15,7660,台北市,兄弟象,三商虎
1992/7/14,3849,新竹,味全龍,統一獅
1992/6/28,6044,台中,兄弟象,三商虎
1992/6/27,3259,台中,統一獅,味全龍
1992/6/26,4841,台中,兄弟象,統一獅
1992/6/25,2042,台中,三商虎,味全龍
1992/6/24,6069,台中,兄弟象,味全龍
1992/6/23,1490,台中,三商虎,統一獅
1992/6/21,6509,立德,三商虎,兄弟象
1992/6/21,4069,台南,味全龍,統一獅
1992/6/20,3265,立德,味全龍,三商虎
1992/6/20,9000,台南,兄弟象,統一獅
1992/6/19,3331,立德,統一獅,三商虎
1992/6/18,9000,立德,味全龍,兄弟象
1992/6/17,3524,立德,味全龍,統一獅
1992/6/14,5594,台北市,味全龍,三商虎
1992/6/14,14000,台北市,三商虎,兄弟象
1992/6/13,9494,台北市,統一獅,兄弟象
1992/6/12,3022,台北市,統一獅,三商虎
1992/6/11,11165,台北市,味全龍,兄弟象
1992/6/10,3273,台北市,統一獅,味全龍
1992/6/9,6602,新竹,三商虎,兄弟象
1992/6/7,4284,台中,味全龍,統一獅
1992/6/6,9000,台中,兄弟象,三商虎
1992/6/5,7520,台中,三商虎,味全龍
1992/6/4,9000,台中,兄弟象,統一獅
1992/6/3,3802,台中,三商虎,統一獅
1992/6/2,9000,台中,兄弟象,味全龍
1992/5/31,7278,台北市,統一獅,味全龍
1992/5/30,8141,台北市,統一獅,兄弟象
1992/5/30,2032,台北市,味全龍,三商虎
1992/5/29,14000,台北市,味全龍,兄弟象
1992/5/28,4414,新竹,統一獅,三商虎
1992/5/24,7155,台中,三商虎,味全龍
1992/5/24,9000,台中,兄弟象,統一獅
1992/5/23,7346,台中,味全龍,統一獅
1992/5/23,8104,台中,兄弟象,三商虎
1992/5/22,4191,台中,三商虎,統一獅
1992/5/21,9000,台中,兄弟象,味全龍
1992/5/17,14000,台北市,味全龍,兄弟象
1992/5/17,6002,台北市,統一獅,三商虎
1992/5/16,13000,台北市,三商虎,兄弟象
1992/5/16,5133,台北市,統一獅,味全龍
1992/5/15,12364,台北市,統一獅,兄弟象
1992/5/14,4252,新竹,味全龍,三商虎
1992/5/13,4416,台北市,統一獅,味全龍
1992/5/12,13000,台北市,三商虎,兄弟象
1992/5/10,5238,立德,三商虎,統一獅
1992/5/10,9000,台南,兄弟象,味全龍
1992/5/9,5137,台南,兄弟象,三商虎
1992/5/8,9000,立德,兄弟象,統一獅
1992/5/7,3841,立德,三商虎,味全龍
1992/5/6,9000,立德,兄弟象,統一獅
1992/5/6,2509,台南,三商虎,味全龍
1992/5/5,9000,立德,兄弟象,味全龍
1992/5/5,3783,台南,三商虎,統一獅
1992/5/3,14000,台北市,統一獅,兄弟象
1992/5/3,7553,台北市,味全龍,三商虎
1992/5/2,14000,台北市,味全龍,兄弟象
1992/5/2,3473,台北市,統一獅,三商虎
1992/4/30,3353,新竹,統一獅,味全龍
1992/4/29,6209,新竹,統一獅,兄弟象
1992/4/26,9000,台南,兄弟象,三商虎
1992/4/25,7665,台南,味全龍,統一獅
1992/4/24,5471,立德,三商虎,味全龍
1992/4/23,9000,立德,兄弟象,統一獅
1992/4/21,4472,立德,三商虎,統一獅
1992/4/19,10075,台北市,三商虎,兄弟象
1992/4/18,6718,台北市,味全龍,三商虎
1992/4/18,10052,台北市,統一獅,兄弟象
1992/4/17,3425,台北市,統一獅,三商虎
1992/4/16,8957,新竹,味全龍,兄弟象
1992/4/15,6175,新竹,兄弟象,統一獅
1992/4/14,9310,台北市,三商虎,兄弟象
1992/4/12,8519,立德,兄弟象,味全龍
1992/4/10,8804,立德,兄弟象,三商虎
1992/4/9,6936,立德,味全龍,統一獅
1992/4/5,6241,台北市,統一獅,三商虎
1992/4/5,14000,台北市,味全龍,兄弟象
1992/4/4,6582,台北市,統一獅,味全龍
1992/4/3,10229,台北市,味全龍,三商虎
1992/4/1,3993,新竹,三商虎,味全龍
1992/3/27,5437,新竹,兄弟象,三商虎
1992/3/26,2882,新竹,味全龍,統一獅
1992/3/25,8678,新竹,兄弟象,味全龍
1992/3/24,2257,新竹,三商虎,統一獅
1992/3/22,11185,台北市,味全龍,三商虎
1992/3/22,13206,台北市,統一獅,兄弟象
1992/3/21,4099,台北市,統一獅,三商虎
1992/3/21,13540,台北市,味全龍,兄弟象
1992/3/20,13695,台北市,三商虎,兄弟象
1992/3/19,11809,台北市,統一獅,味全龍
1991/10/22,2440,台北市,三商虎,味全龍
1991/10/20,4488,台中,三商虎,兄弟象
1991/10/20,3064,台中,味全龍,統一獅
1991/10/19,1959,台中,統一獅,三商虎
1991/10/19,3304,台中,兄弟象,味全龍
1991/10/18,2535,台中,味全龍,三商虎
1991/10/17,2043,台中,兄弟象,統一獅
1991/10/13,6349,台北市,味全龍,兄弟象
1991/10/13,2511,台北市,三商虎,統一獅
1991/10/12,6424,台北市,統一獅,兄弟象
1991/10/12,4118,台北市,三商虎,味全龍
1991/10/11,3675,台北市,三商虎,兄弟象
1991/10/10,5490,台北市,味全龍,統一獅
1991/10/8,3400,台北市,統一獅,三商虎
1991/10/6,5558,立德,味全龍,統一獅
1991/10/6,3943,立德,三商虎,兄弟象
1991/10/5,5134,立德,兄弟象,味全龍
1991/10/5,2911,立德,統一獅,三商虎
1991/10/4,4165,立德,兄弟象,統一獅
1991/10/3,2449,立德,味全龍,三商虎
1991/10/2,1788,立德,兄弟象,三商虎
1991/9/29,5068,台北市,統一獅,兄弟象
1991/9/28,4529,台北市,味全龍,統一獅
1991/9/28,6721,台北市,三商虎,兄弟象
1991/9/27,5988,台北市,兄弟象,味全龍
1991/9/22,4023,台中,兄弟象,味全龍
1991/9/22,2084,台中,統一獅,三商虎
1991/9/21,4328,台中,兄弟象,統一獅
1991/9/21,1788,台中,味全龍,三商虎
1991/9/20,4382,台中,兄弟象,三商虎
1991/9/19,3463,台中,統一獅,味全龍
1991/9/15,2431,台北市,統一獅,兄弟象
1991/9/15,3074,台北市,三商虎,味全龍
1991/9/14,8413,台北市,三商虎,兄弟象
1991/9/14,3664,台北市,味全龍,統一獅
1991/9/13,3916,台北市,統一獅,三商虎
1991/9/12,8053,新竹,兄弟象,味全龍
1991/9/8,5250,立德,統一獅,三商虎
1991/9/8,8608,台南,兄弟象,味全龍
1991/9/7,3807,立德,味全龍,三商虎
1991/9/7,5157,台南,兄弟象,統一獅
1991/9/6,1739,立德,統一獅,味全龍
1991/9/1,7968,台北市,味全龍,統一獅
1991/8/31,8972,台北市,三商虎,兄弟象
1991/8/30,14000,台北市,兄弟象,味全龍
1991/8/29,3941,台北市,統一獅,三商虎
1991/8/28,10805,台北市,兄弟象,統一獅
1991/8/27,5099,新竹,味全龍,三商虎
1991/8/25,3697,台中,統一獅,三商虎
1991/8/24,9000,台中,兄弟象,味全龍
1991/8/23,3671,台中,味全龍,三商虎
1991/8/22,6964,台中,兄弟象,統一獅
1991/8/21,4559,台中,統一獅,味全龍
1991/8/20,7070,台中,兄弟象,三商虎
1991/8/18,12913,台北市,三商虎,兄弟象
1991/8/18,3866,台北市,味全龍,統一獅
1991/8/16,3695,台北市,統一獅,三商虎
1991/8/15,14000,台北市,兄弟象,味全龍
1991/8/14,5365,台北市,味全龍,三商虎
1991/8/13,7054,新竹,兄弟象,統一獅
1991/8/11,8466,立德,兄弟象,統一獅
1991/8/11,5578,台南,味全龍,三商虎
1991/8/10,6482,立德,兄弟象,三商虎
1991/8/10,5026,台南,統一獅,味全龍
1991/8/9,3418,立德,三商虎,統一獅
1991/8/8,7866,立德,味全龍,兄弟象
1991/8/4,14000,台北市,兄弟象,味全龍
1991/8/3,4062,台北市,統一獅,三商虎
1991/8/2,8418,台北市,兄弟象,統一獅
1991/8/1,3884,台北市,味全龍,三商虎
1991/7/31,4750,台北市,兄弟象,三商虎
1991/7/30,3425,新竹,統一獅,味全龍
1991/7/29,1503,台中,味全龍,兄弟象
1991/7/28,6429,台中,兄弟象,統一獅
1991/7/28,1440,台中,味全龍,三商虎
1991/7/27,3256,台中,味全龍,三商虎
1991/7/27,2071,台中,兄弟象,統一獅
1991/7/26,5443,台中,兄弟象,三商虎
1991/7/25,2652,台中,統一獅,味全龍
1991/7/24,1833,台中,三商虎,統一獅
1991/7/23,8132,台中,味全龍,兄弟象
1991/7/21,4488,台北市,統一獅,三商虎
1991/7/20,12229,台北市,兄弟象,味全龍
1991/7/20,3410,台北市,兄弟象,統一獅
1991/7/19,3137,台北市,味全龍,三商虎
1991/7/17,3194,台北市,統一獅,味全龍
1991/7/16,5387,新竹,兄弟象,三商虎
1991/7/14,3793,立德,統一獅,味全龍
1991/7/14,5765,台南,兄弟象,三商虎
1991/7/13,6598,立德,味全龍,兄弟象
1991/7/13,3009,台南,三商虎,統一獅
1991/7/12,5464,立德,統一獅,兄弟象
1991/7/11,2559,立德,三商虎,味全龍
1991/7/10,4336,台中,兄弟象,三商虎
1991/7/9,1757,台中,統一獅,味全龍
1991/6/30,12493,台北市,兄弟象,統一獅
1991/6/30,3685,台北市,味全龍,三商虎
1991/6/29,10350,台北市,兄弟象,三商虎
1991/6/29,2530,台北市,統一獅,味全龍
1991/6/28,2416,台北市,三商虎,統一獅
1991/6/27,10500,新竹,味全龍,兄弟象
1991/6/20,1968,台中,三商虎,統一獅
1991/6/16,6779,台北市,味全龍,三商虎
1991/6/16,8863,台北市,兄弟象,統一獅
1991/6/15,4842,台北市,統一獅,味全龍
1991/6/15,4334,台北市,兄弟象,三商虎
1991/6/14,12327,台北市,味全龍,兄弟象
1991/6/13,3747,新竹,三商虎,統一獅
1991/6/12,2544,台北市,三商虎,統一獅
1991/6/9,4392,立德,三商虎,統一獅
1991/6/9,8110,台南,味全龍,兄弟象
1991/6/8,4841,立德,三商虎,味全龍
1991/6/8,6158,台南,統一獅,兄弟象
1991/6/7,5585,立德,味全龍,統一獅
1991/6/6,7981,立德,三商虎,兄弟象
1991/6/2,12547,台北市,兄弟象,三商虎
1991/6/2,4659,台北市,統一獅,味全龍
1991/6/1,7387,台北市,味全龍,兄弟象
1991/5/31,4296,台北市,三商虎,味全龍
1991/5/30,6909,新竹,統一獅,兄弟象
1991/5/29,12196,台北市,味全龍,兄弟象
1991/5/28,5010,台北市,味全龍,統一獅
1991/5/26,9000,台中,兄弟象,三商虎
1991/5/26,2901,台中,統一獅,味全龍
1991/5/25,4066,台中,三商虎,統一獅
1991/5/25,4150,台中,味全龍,兄弟象
1991/5/24,4215,台中,三商虎,味全龍
1991/5/23,7305,台中,統一獅,兄弟象
1991/5/22,6206,台北市,三商虎,味全龍
1991/5/21,7678,台北市,三商虎,兄弟象
1991/5/19,6848,台北市,統一獅,味全龍
1991/5/19,7520,台北市,兄弟象,三商虎
1991/5/18,11019,台北市,味全龍,兄弟象
1991/5/18,2434,台北市,三商虎,統一獅
1991/5/17,9101,台北市,統一獅,兄弟象
1991/5/16,5291,新竹,三商虎,味全龍
1991/5/15,8088,台北市,統一獅,兄弟象
1991/5/14,4109,台北市,三商虎,統一獅
1991/5/12,7091,立德,統一獅,兄弟象
1991/5/12,5006,台南,三商虎,味全龍
1991/5/11,7424,立德,三商虎,兄弟象
1991/5/11,6612,台南,味全龍,統一獅
1991/5/10,4859,立德,統一獅,三商虎
1991/5/9,6660,立德,兄弟象,味全龍
1991/5/7,6705,台北市,統一獅,兄弟象
1991/5/5,6308,台北市,三商虎,統一獅
1991/5/5,11272,台北市,味全龍,兄弟象
1991/5/4,3088,台北市,三商虎,味全龍
1991/5/2,3282,新竹,三商虎,兄弟象
1991/4/28,5415,台中,統一獅,味全龍
1991/4/28,5330,台中,兄弟象,三商虎
1991/4/27,6709,台中,味全龍,兄弟象
1991/4/27,1966,台中,三商虎,統一獅
1991/4/26,5827,台中,統一獅,兄弟象
1991/4/25,4054,台中,三商虎,味全龍
1991/4/24,10701,台北市,三商虎,兄弟象
1991/4/23,5559,台北市,味全龍,統一獅
1991/4/18,5653,新竹,味全龍,統一獅
1991/4/17,6342,台北市,味全龍,統一獅
1991/4/16,9392,台北市,三商虎,兄弟象
1991/4/14,6618,立德,味全龍,統一獅
1991/4/14,9000,台南,三商虎,兄弟象
1991/4/13,9000,立德,兄弟象,味全龍
1991/4/13,5456,台南,統一獅,三商虎
1991/4/12,8842,立德,統一獅,兄弟象
1991/4/11,5299,立德,三商虎,味全龍
1991/4/7,7024,台北市,三商虎,味全龍
1991/4/7,9127,台北市,統一獅,兄弟象
1991/4/5,14000,台北市,兄弟象,味全龍
1991/4/4,6173,新竹,統一獅,三商虎
1991/4/3,11530,台北市,兄弟象,統一獅
1991/3/31,3220,台中,三商虎,統一獅
1991/3/31,7984,台中,味全龍,兄弟象
1991/3/30,4747,台中,三商虎,味全龍
1991/3/30,6929,台中,統一獅,兄弟象
1991/3/29,6643,台中,味全龍,統一獅
1991/3/28,9000,台中,三商虎,兄弟象
1991/3/24,6041,台北市,統一獅,三商虎
1991/3/24,12336,台北市,兄弟象,味全龍
1991/3/21,8668,台北市,味全龍,三商虎
1990/10/14,3009,台北市,味全龍,統一獅
1990/10/14,4208,台北市,兄弟象,三商虎
1990/10/13,3698,台北市,味全龍,兄弟象
1990/10/13,959,台北市,統一獅,三商虎
1990/10/12,2274,台北市,兄弟象,統一獅
1990/10/11,1333,台北市,三商虎,味全龍
1990/10/10,4997,台北市,兄弟象,統一獅
1990/10/10,7999,台北市,三商虎,味全龍
1990/10/7,2626,立德,味全龍,三商虎
1990/10/7,2212,立德,統一獅,兄弟象
1990/10/6,2937,立德,味全龍,統一獅
1990/10/6,641,立德,兄弟象,三商虎
1990/10/5,2554,立德,味全龍,兄弟象
1990/10/4,1718,立德,統一獅,三商虎
1990/10/3,2498,立德,統一獅,味全龍
1990/9/30,5046,台中,統一獅,味全龍
1990/9/30,4154,台中,三商虎,兄弟象
1990/9/29,4639,台中,三商虎,味全龍
1990/9/29,4173,台南,兄弟象,統一獅
1990/9/28,4163,台中,統一獅,三商虎
1990/9/27,5719,新竹,味全龍,兄弟象
1990/9/26,5004,台中,味全龍,兄弟象
1990/9/25,2174,台中,統一獅,三商虎
1990/9/23,6122,台北市,三商虎,統一獅
1990/9/23,10205,台北市,兄弟象,味全龍
1990/9/22,5411,台北市,味全龍,三商虎
1990/9/22,3520,台北市,統一獅,兄弟象
1990/9/21,5600,台北市,味全龍,統一獅
1990/9/20,6184,台北市,兄弟象,三商虎
1990/9/19,4401,台北市,統一獅,味全龍
1990/9/16,4669,立德,三商虎,兄弟象
1990/9/16,6259,台南,統一獅,味全龍
1990/9/15,2606,立德,三商虎,統一獅
1990/9/15,2798,台南,兄弟象,味全龍
1990/9/14,3022,立德,味全龍,三商虎
1990/9/13,4107,立德,統一獅,兄弟象
1990/9/9,6099,台中,兄弟象,統一獅
1990/9/9,4143,台中,三商虎,味全龍
1990/9/8,1853,台中,三商虎,兄弟象
1990/9/7,2837,台中,三商虎,統一獅
1990/9/6,6519,新竹,兄弟象,味全龍
1990/9/5,6668,台中,兄弟象,三商虎
1990/9/2,16000,台北市,味全龍,兄弟象
1990/9/2,4358,台北市,統一獅,三商虎
1990/8/31,7498,台北市,三商虎,兄弟象
1990/8/26,4041,立德,三商虎,味全龍
1990/8/26,4193,立德,兄弟象,統一獅
1990/8/25,3721,立德,統一獅,三商虎
1990/8/25,3523,台南,味全龍,兄弟象
1990/8/24,2433,立德,兄弟象,三商虎
1990/8/23,3256,立德,味全龍,統一獅
1990/8/18,1479,台中,味全龍,統一獅
1990/8/17,5160,台中,統一獅,兄弟象
1990/8/16,4955,台中,味全龍,三商虎
1990/8/12,15646,台北市,兄弟象,三商虎
1990/8/12,3229,台北市,味全龍,統一獅
1990/8/11,6856,台北市,統一獅,兄弟象
1990/8/11,2339,台北市,味全龍,三商虎
1990/8/10,8364,台北市,兄弟象,味全龍
1990/8/9,3689,台北市,三商虎,統一獅
1990/8/8,6277,台北市,統一獅,兄弟象
1990/8/5,4655,立德,兄弟象,統一獅
1990/8/5,2570,立德,三商虎,味全龍
1990/8/4,3302,立德,三商虎,兄弟象
1990/8/4,865,立德,統一獅,味全龍
1990/8/3,1148,立德,三商虎,統一獅
1990/8/2,1286,立德,兄弟象,味全龍
1990/7/29,5768,台中,味全龍,兄弟象
1990/7/29,1843,台中,統一獅,三商虎
1990/7/28,4035,台中,兄弟象,統一獅
1990/7/28,1458,台中,三商虎,味全龍
1990/7/27,5259,台中,三商虎,兄弟象
1990/7/26,6177,新竹,統一獅,味全龍
1990/7/15,3482,立德,統一獅,三商虎
1990/7/15,2398,立德,味全龍,兄弟象
1990/7/14,5782,立德,兄弟象,三商虎
1990/7/14,841,立德,味全龍,統一獅
1990/7/14,2431,台南,三商虎,兄弟象
1990/7/13,4042,立德,統一獅,兄弟象
1990/7/12,3291,立德,味全龍,三商虎
1990/7/11,1109,立德,統一獅,味全龍
1990/7/8,7269,台中,兄弟象,三商虎
1990/7/8,1675,台中,味全龍,統一獅
1990/7/7,4596,台中,統一獅,兄弟象
1990/7/7,4115,台南,味全龍,三商虎
1990/7/6,7351,台中,兄弟象,味全龍
1990/7/5,5097,新竹,三商虎,統一獅
1990/7/1,5013,台北市,味全龍,三商虎
1990/6/30,9017,台北市,兄弟象,味全龍
1990/6/30,2000,台北市,三商虎,統一獅
1990/6/29,2799,台北市,統一獅,味全龍
1990/6/28,8186,台北市,三商虎,兄弟象
1990/6/24,1383,立德,兄弟象,味全龍
1990/6/24,668,立德,三商虎,統一獅
1990/6/22,566,立德,三商虎,味全龍
1990/6/21,1320,立德,兄弟象,統一獅
1990/6/20,1122,立德,統一獅,三商虎
1990/6/19,2611,立德,味全龍,兄弟象
1990/6/18,5243,台北市,三商虎,兄弟象
1990/6/17,2844,台中,三商虎,統一獅
1990/6/17,4085,台中,兄弟象,味全龍
1990/6/16,10000,台中,味全龍,三商虎
1990/6/16,5812,台南,統一獅,兄弟象
1990/6/15,3014,台中,味全龍,統一獅
1990/6/14,5065,台中,兄弟象,三商虎
1990/6/13,6692,台中,兄弟象,味全龍
1990/6/12,4334,台北市,兄弟象,統一獅
1990/6/11,9207,台北市,味全龍,兄弟象
1990/6/10,3268,台北市,統一獅,味全龍
1990/6/9,2778,台北市,三商虎,味全龍
1990/6/8,3584,台北市,統一獅,三商虎
1990/6/6,3169,台北市,味全龍,統一獅
1990/6/2,3691,立德,兄弟象,統一獅
1990/6/2,7784,台南,三商虎,味全龍
1990/6/1,6298,立德,三商虎,兄弟象
1990/5/31,2549,立德,統一獅,味全龍
1990/5/30,3519,立德,兄弟象,統一獅
1990/5/28,10873,台北市,兄弟象,三商虎
1990/5/27,4062,台中,味全龍,統一獅
1990/5/27,7578,台中,兄弟象,三商虎
1990/5/26,7701,台中,味全龍,兄弟象
1990/5/26,2595,台中,統一獅,三商虎
1990/5/25,4646,台中,兄弟象,統一獅
1990/5/24,6558,新竹,三商虎,味全龍
1990/5/23,4425,台中,三商虎,統一獅
1990/5/20,10140,台北市,味全龍,三商虎
1990/5/20,7030,台北市,統一獅,兄弟象
1990/5/18,5185,台北市,味全龍,兄弟象
1990/5/17,3517,台北市,統一獅,三商虎
1990/5/13,7938,立德,兄弟象,三商虎
1990/5/13,2617,立德,味全龍,統一獅
1990/5/12,3756,立德,統一獅,兄弟象
1990/5/12,4088,立德,味全龍,三商虎
1990/5/11,6047,立德,兄弟象,味全龍
1990/5/10,2811,立德,三商虎,統一獅
1990/5/9,3780,立德,三商虎,味全龍
1990/5/6,6263,台中,統一獅,兄弟象
1990/5/6,7801,台中,味全龍,三商虎
1990/5/4,4059,台中,統一獅,味全龍
1990/5/3,7742,新竹,三商虎,兄弟象
1990/5/2,9321,台中,味全龍,三商虎
1990/4/29,16000,台北市,兄弟象,味全龍
1990/4/29,5571,台北市,三商虎,統一獅
1990/4/28,4957,台北市,統一獅,味全龍
1990/4/28,9065,台北市,三商虎,兄弟象
1990/4/27,6903,台北市,三商虎,味全龍
1990/4/26,2898,台北市,兄弟象,統一獅
1990/4/25,4093,台中,統一獅,兄弟象
1990/4/22,4125,立德,味全龍,統一獅
1990/4/22,5983,立德,兄弟象,三商虎
1990/4/21,6826,立德,味全龍,兄弟象
1990/4/21,7579,台南,統一獅,三商虎
1990/4/18,4880,新竹,統一獅,三商虎
1990/4/14,2613,台中,味全龍,統一獅
1990/4/14,6414,台中,兄弟象,三商虎
1990/4/13,8020,台中,味全龍,兄弟象
1990/4/8,4594,台北市,三商虎,統一獅
1990/4/8,15222,台北市,兄弟象,味全龍
1990/4/7,9444,台北市,味全龍,三商虎
1990/4/7,5158,台北市,統一獅,兄弟象
1990/4/6,2501,台北市,味全龍,統一獅
1990/4/5,9585,台北市,兄弟象,三商虎
1990/4/5,5104,台北市,統一獅,三商虎
1990/4/4,6541,台北市,味全龍,兄弟象
1990/4/1,5360,立德,統一獅,兄弟象
1990/4/1,5652,立德,味全龍,三商虎
1990/3/31,6404,立德,兄弟象,味全龍
1990/3/31,3142,立德,三商虎,統一獅
1990/3/30,4494,立德,統一獅,味全龍
1990/3/29,10000,立德,三商虎,兄弟象
1990/3/25,8945,台中,兄弟象,味全龍
1990/3/25,5958,台中,三商虎,統一獅
1990/3/24,7173,台中,統一獅,味全龍
1990/3/24,5643,台中,三商虎,兄弟象
1990/3/23,7351,台中,三商虎,味全龍
1990/3/22,7666,新竹,兄弟象,統一獅
1990/3/18,4500,台北市,統一獅,味全龍
1990/3/18,4724,台北市,三商虎,兄弟象
1990/3/17,5783,台北市,三商虎,味全龍
1990/3/17,14310,台北市,兄弟象,統一獅
