"","id","time","lng","lat","depth","ML","epicenter","YMS_int","Taipei_int","Xinyi_int","ChihNan_int"
"1","101037   ",2012-02-26 10:35:00,120.75,22.75,26.3,6.4,"屏東縣政府東偏北方  28.4  公里 (位於屏東縣霧台鄉)",1,1,2,1
"2","101155   ",2012-08-14 06:55:00,121.51,24.05,21.8,5.2,"花蓮縣政府西偏北方  13.0  公里 (位於花蓮縣秀林鄉)",1,1,2,1
"3","101169   ",2012-08-31 08:11:00,120.88,24.72,10,5,"新竹市政府西南方  13.0  公里 (位於苗栗縣竹南鎮)",1,1,2,NA
"4","101170   ",2012-08-31 08:23:00,120.88,24.73,9.9,4.8,"新竹市政府西南方  12.8  公里 (位於苗栗縣竹南鎮)",1,1,2,NA
"5","102010   ",2013-01-17 04:30:00,121.98,24.44,13.7,5.1,"宜蘭縣政府東南方  39.0  公里 (位於臺灣東部海域)",1,2,2,1
"6","102029   ",2013-03-07 01:36:00,121.46,24.3,5.6,5.9,"花蓮縣政府北偏西方  38.1  公里 (位於花蓮縣秀林鄉)",1,2,NA,2
"7","102077   ",2013-06-08 02:38:00,122.65,23.98,35.3,6.2,"花蓮縣政府東方  104.5  公里 (位於臺灣東部海域)",1,2,2,2
"8","102084   ",2013-06-29 07:51:00,122.24,24.03,19.8,5.7,"花蓮縣政府東方  63.1  公里 (位於臺灣東部海域)",1,2,2,1
"9","103042   ",2014-03-19 08:19:00,122.32,24.01,23,5.8,"花蓮縣政府東方  71.3  公里 (位於臺灣東部海域)",1,2,2,1
"10","103139   ",2014-11-20 01:46:00,122.06,24.9,13.9,5.2,"宜蘭縣政府東偏北方  35.4  公里 (位於臺灣東部海域)",1,2,NA,2
"11","104003   ",2015-01-07 02:48:00,121.69,24.26,30.4,5.5,"花蓮縣政府北偏東方  30.6  公里 (位於花蓮縣秀林鄉)",1,2,2,1
"12","104015   ",2015-03-23 06:13:00,121.67,23.73,38.4,6.2,"花蓮縣政府南方  29.8  公里 (位於臺灣東部海域)",1,1,2,1
"13","104024   ",2015-04-20 07:45:00,122.51,24.04,33.9,6.2,"花蓮縣政府東方  90.3  公里 (位於臺灣東部海域)",1,2,2,2
"14","104025   ",2015-04-20 07:59:00,122.51,23.96,29.4,6,"花蓮縣政府東方  90.8  公里 (位於臺灣東部海域)",1,2,2,2
"15","104043   ",2015-08-13 10:08:00,122.39,24.02,25.5,5.7,"花蓮縣政府東方  78.5  公里 (位於臺灣東部海域)",1,2,2,1
"16","104045   ",2015-09-01 09:24:00,121.49,23.91,17.1,5.5,"花蓮縣政府西偏南方  15.6  公里 (位於花蓮縣秀林鄉)",1,1,1,NA
"17","104057   ",2015-09-16 09:08:00,121.83,24.28,20.2,5.6,"花蓮縣政府東北方  38.8  公里 (位於花蓮縣近海)",1,2,NA,2
"18","104078   ",2015-10-19 10:17:00,122.01,24.86,14.4,5.3,"宜蘭縣政府東偏北方  29.1  公里 (位於臺灣東部海域)",1,2,NA,2
"19","105006   ",2016-02-06 03:57:00,120.54,22.92,14.6,6.6,"屏東縣政府北偏東方  27.1  公里 (位於高雄市美濃區)",1,2,2,1
"20","105031   ",2016-04-27 11:17:00,121.78,24.24,11.9,5.7,"花蓮縣政府北偏東方  32.0  公里",1,2,2,1
"21","105064   ",2016-05-13 04:24:00,121.98,24.68,9.8,5.2,"宜蘭縣政府東偏南方  23.0  公里",1,2,2,1
"22","105077   ",2016-05-31 01:23:00,122.68,25.49,256.9,6.9,"基隆市政府東偏北方  102.5  公里",1,3,NA,3
"23","105091   ",2016-09-01 02:28:00,121.97,24.46,18,4.9,"宜蘭縣政府東南方  36.8  公里 (位於臺灣東部海域)",1,2,2,1
"24","105104   ",2016-11-25 05:55:00,122.41,24.08,27.5,5.5,"花蓮縣政府東方  81.2  公里 (位於臺灣東部海域)",1,2,2,1
"25","89181   ",2000-09-01 05:24:00,121.14,24.08,7.7,4.9,"台中德基地震站南方  18.9  公里",1,1,NA,1
"26","89198   ",2000-09-20 09:24:00,121.71,24.73,78.9,4.6,"宜蘭市地震站西南方  5.8  公里",1,1,NA,2
"27","89248   ",2000-11-20 08:07:00,121.91,24.79,8.6,4.8,"宜蘭市地震站東方  15.9  公里",1,3,NA,2
"28","89266   ",2000-12-30 02:03:00,121.88,24.36,7,5.3,"宜蘭南澳地震站東偏南方  15.5  公里",1,2,NA,1
"29","90005   ",2001-01-11 04:36:00,120.99,24.08,25.2,4.8,"台中德基地震站西南方  25.7  公里",1,1,NA,1
"30","90011   ",2001-01-23 07:27:00,122.13,24.32,13.1,5.2,"宜蘭南澳地震站東偏南方  40.8  公里",1,2,NA,1
"31","90032   ",2001-03-02 02:37:00,121,23.84,10.9,5.8,"南投名間地震站東方  31.3  公里",1,1,NA,NA
"32","90073   ",2001-06-30 12:07:00,121.54,24.06,23.4,5,"花蓮秀林地震站西偏南  6.9  公里",1,2,NA,1
"33","91003   ",2002-01-09 01:00:00,120.9,24.38,1,5,"苗栗三義地震站東偏南方  13.8  公里",1,1,NA,1
"34","91113   ",2002-07-11 03:36:00,122.41,23.94,14.2,5.8,"花蓮市地震站東方  81.7  公里",1,1,NA,1
"35","91130   ",2002-08-30 04:05:00,121.81,24.8,82.9,5.2,"宜蘭市地震站東北方  6.9  公里",1,2,NA,2
"36","91138   ",2002-09-08 06:59:00,121.69,24.45,41.4,5.3,"宜蘭南澳地震站西偏北方  6.6  公里",1,3,NA,2
"37","91184   ",2002-11-10 08:07:00,121.84,24.89,110.3,5.4,"宜蘭市地震站東北方  16.5  公里",1,3,NA,2
"38","91196   ",2002-12-25 03:01:00,121.83,24.46,55.8,5.2,"宜蘭南澳地震站東偏北方  9.1  公里",1,1,NA,1
"39","92044   ",2003-05-15 09:17:00,122.52,25.06,17.6,5.2,"基隆市地震站東方  76.0  公里",1,1,NA,1
"40","92055   ",2003-06-09 01:08:00,121.85,24.38,2.4,5,"宜蘭南澳地震站東偏南方  11.5  公里",1,2,NA,1
"41","92079   ",2003-07-18 10:41:00,121.84,24.59,74.4,5.1,"宜蘭蘇澳地震站西南方  3.4  公里",1,2,NA,1
"42","92085   ",2003-08-03 07:35:00,121.65,24.21,57.7,5.3,"花蓮秀林地震站北偏東方  15.4  公里",1,1,NA,NA
"43","92115   ",2003-11-12 08:02:00,121.95,24.45,21.3,5.4,"宜蘭蘇澳地震站南偏東方  19.6  公里",1,2,NA,1
"44","92148   ",2003-12-29 09:41:00,121.96,24.6,68.2,5.2,"宜蘭蘇澳地震站東方  10.7  公里",1,2,NA,2
"45","93001   ",2004-01-01 01:15:00,121.71,23.34,24.9,5.4,"花蓮玉里地震站東方  41.6  公里",1,2,NA,1
"46","93045   ",2004-05-01 03:56:00,121.53,24.08,21.6,5.3,"花蓮秀林地震站西方  7.8  公里",1,2,NA,1
"47","93052   ",2004-05-10 04:06:00,121.77,24.57,69.2,5.5,"宜蘭蘇澳地震站西偏南  10.4  公里",1,2,NA,1
"48","93063   ",2004-06-03 02:56:00,121.29,23.64,14.7,5.2,"花蓮西林地震站西南方  24.8  公里",1,1,NA,NA
"49","93068   ",2004-07-06 03:32:00,122.27,24.9,6,5.2,"宜蘭蘇澳地震站東北方  52.1  公里",1,2,NA,2
"50","93079   ",2004-08-08 09:12:00,121.82,24.67,81.2,5,"宜蘭蘇澳地震站西北方  8.2  公里",1,1,NA,2
"51","93097   ",2004-10-23 10:04:00,121.56,25.01,9.5,3.7,"台北市地震站東偏南方  5.7  公里",1,3,NA,2
"52","93105   ",2004-11-11 10:16:00,122.16,24.31,27.3,6.1,"宜蘭南澳地震站東偏南方  43.4  公里",1,2,NA,2
"53","94019   ",2005-02-05 07:00:00,121.75,24.25,4.9,5,"宜蘭南澳地震站南方  19.7  公里",1,1,NA,1
"54","94035   ",2005-03-06 03:16:00,121.76,24.65,8.4,4.8,"宜蘭蘇澳地震站西偏北方  11.0  公里",1,2,NA,1
"55","94065   ",2005-04-30 10:48:00,121.62,24.04,8.5,5.6,"花蓮秀林地震站南偏東方  5.5  公里",1,2,NA,NA
"56","94133   ",2005-09-06 09:16:00,122.28,23.96,16.8,6,"花蓮市地震站東方  68.2  公里",1,2,NA,1
"57","94145   ",2005-10-06 12:16:00,121.64,24.84,73.4,4.8,"宜蘭市地震站西偏北方  15.1  公里",1,2,NA,2
"58","94148   ",2005-10-15 11:51:00,123.81,25.1,190.9,7,"宜蘭蘇澳地震站東偏北方  204.3  公里",1,2,NA,1
"59","94160   ",2005-11-30 06:41:00,122.03,24.75,68,5.5,"宜蘭蘇澳地震站東北方  23.9  公里",1,2,NA,2
"60","95024   ",2006-04-01 06:02:00,121.08,22.88,7.2,6.2,"台東市地震站北偏西方  16.4  公里",1,2,2,2
"61","95038   ",2006-04-16 06:40:00,121.3,22.86,17.9,6,"台東市地震站東北方  19.1  公里",1,1,1,1
"62","95065   ",2006-07-28 03:40:00,122.66,23.97,28,6,"宜蘭南澳地震站東偏南方  105.5  公里",1,2,2,1
"63","95090   ",2006-10-12 10:46:00,122.65,23.96,25.3,5.8,"宜蘭南澳地震站東偏南方  104.5  公里",1,2,2,2
"64","95104   ",2006-12-24 01:28:00,122.32,24.81,9.8,5.4,"宜蘭蘇澳地震站東偏北方  51.5  公里",1,1,2,1
"65","95106   ",2006-12-26 08:26:00,120.56,21.69,44.1,7,"屏東恆春地震站南偏西方  40.2  公里",1,2,2,1
"66","95107   ",2006-12-26 08:34:00,120.42,21.97,50.2,7,"屏東恆春地震站西方  33.9  公里",1,2,2,1
"67","96005   ",2007-01-25 06:59:00,122.03,22.63,25.8,6.2,"台東蘭嶼地震站東北方  81.6  公里",1,1,2,1
"68","96016   ",2007-03-08 01:37:00,121.91,24.54,70.4,4.7,"宜蘭蘇澳地震站東南方  8.8  公里",1,2,NA,NA
"69","96066   ",2007-10-11 11:05:00,121.85,24.75,80,5.2,"宜蘭市地震站東方  9.7  公里",1,2,NA,2
"70","96074   ",2007-11-08 06:54:00,122.32,24.97,16.8,4.9,"基隆市地震站東偏南方  58.5  公里",1,1,2,1
"71","97038   ",2008-05-11 03:42:00,122.53,23.95,25,5.6,"花蓮市地震站東方  93.5  公里",1,1,2,2
"72","97053   ",2008-07-11 11:07:00,122.25,25.13,16,4.7,"基隆市地震站東方  48.3  公里",1,1,2,1
"73","97074   ",2008-09-10 07:55:00,122.25,25.13,16.8,4.6,"基隆市地震站東方  48.6  公里",1,1,1,1
"74","98085   ",2009-07-26 09:00:00,120.96,23.69,14.3,5.4,"南投名間地震站東南方  34.3  公里",1,1,2,1
"75","98086   ",2009-07-26 02:10:00,121.32,23.43,12.5,5.4,"花蓮玉里地震站北方  8.8  公里",1,1,1,1
"76","98102   ",2009-08-17 08:05:00,123.88,23.37,43.3,6.8,"花蓮市地震站東偏南方  240.4  公里",1,2,2,1
"77","98116   ",2009-10-04 01:36:00,121.58,23.65,29.2,6.1,"花蓮西林地震站東南方  23.0  公里",1,2,2,2
"78","99002   ",2010-01-05 03:27:00,121.83,24.18,46.1,5.5,"花蓮秀林地震站東偏北方  25.8  公里",1,1,NA,1
"79","99009   ",2010-02-07 02:10:00,123.77,23.33,88,6.6,"花蓮市地震站東偏南方  230.9  公里",1,1,2,1
"80","99015   ",2010-03-04 08:18:00,120.71,22.97,22.6,6.4,"高雄甲仙地震站東南方  17.1  公里",1,2,2,1
"81","99043   ",2010-04-26 10:59:00,123.74,22.15,73.4,6.8,"台東蘭嶼地震站東方  225.9  公里",1,2,2,1
"82","99064   ",2010-06-27 02:05:00,121.56,24.65,68,5.1,"宜蘭牛鬥地震站西北方  1.9  公里",1,1,2,1
"83","99065   ",2010-06-28 04:33:00,122.38,25.04,15.2,4.9,"基隆市地震站東方  62.3  公里",1,1,2,1
"84","99069   ",2010-07-09 03:43:00,122.04,24.35,19.3,5.3,"宜蘭南澳地震站東偏南方  30.4  公里",1,1,2,1
"85","99070   ",2010-07-09 08:41:00,122.61,24.7,113.6,5.8,"宜蘭蘇澳地震站東方  76.9  公里",1,1,2,1
"86","99090   ",2010-08-30 04:45:00,122.21,24.95,15,5.2,"基隆市地震站東偏南方  48.8  公里",1,2,NA,2
"87","99109   ",2010-10-03 03:23:00,121.8,24.36,19.4,5.1,"宜蘭南澳地震站東南方  9.0  公里",1,1,2,1
"88","99142   ",2010-11-21 08:31:00,121.69,23.85,46.9,6.1,"花蓮市地震站南偏東方  15.5  公里",1,2,2,1
"89","小區域",2011-09-16 09:03:00,121.56,25.17,9,2.3,"台北市政府北方  14.9  公里 (位於台北市士林區)",1,NA,NA,NA
"90","小區域",2014-03-10 03:47:00,121.56,25.13,4.9,2.7,"臺北市政府北方  10.7  公里 (位於臺北市士林區)",1,NA,NA,NA
"91","小區域",2016-08-12 07:42:00,121.57,25.14,5.7,3.1,"臺北市政府北方  10.8  公里 (位於臺北市士林區)",1,NA,1,NA
"92","小區域",2013-01-16 09:31:00,121.56,25.16,4,2.7,"臺北市政府北方  13.4  公里 (位於臺北市士林區)",2,NA,NA,NA
"93","小區域",2011-02-03 01:32:00,121.55,25.15,7.5,3.1,"台北市政府北方  12.0  公里",3,NA,1,1
"94","小區域",2014-11-18 07:22:00,121.55,25.16,2.5,2.8,"臺北市政府北方  14.0  公里 (位於臺北市士林區)",3,NA,NA,NA
"95","小區域",2000-10-26 07:55:00,121.82,24.72,81,4.3,"宜蘭市地震站東偏南方  8.0  公里",NA,1,NA,NA
"96","小區域",2000-07-16 11:21:00,122.23,20.51,33,6.7,"台東蘭嶼地震站南偏東方  182.9  公里",NA,1,NA,NA
"97","小區域",2003-07-31 02:36:00,122.46,23.92,12.3,5.2,"花蓮市地震站東方  86.6  公里",NA,1,NA,NA
"98","小區域",2004-11-09 03:38:00,122.51,23.93,15.7,5.5,"花蓮市地震站東方  91.8  公里",NA,1,NA,NA
"99","小區域",2010-02-03 03:27:00,121.89,24.84,100.1,4,"宜蘭市地震站東偏北方  15.8  公里",NA,1,1,NA
"100","小區域",2015-10-19 01:42:00,122.01,24.84,11.3,4.7,"宜蘭縣政府東偏北方  27.5  公里 (位於臺灣東部海域)",NA,1,1,NA
"101","小區域",2015-10-19 03:20:00,122,24.83,8.7,4.7,"宜蘭縣政府東偏北方  26.3  公里 (位於臺灣東部海域)",NA,1,2,1
"102","小區域",2015-11-05 07:28:00,121.9,24.81,11.1,3.7,"宜蘭縣政府東偏北方  16.7  公里 (位於宜蘭縣近海)",NA,1,1,NA
"103","小區域",2015-03-28 06:51:00,121.96,24.84,11.5,4.1,"宜蘭縣政府東偏北方  23.5  公里 (位於臺灣東部海域)",NA,1,1,NA
"104","小區域",2015-05-03 09:09:00,122.44,24,24.8,5,"花蓮縣政府東方  83.7  公里 (位於臺灣東部海域)",NA,1,1,NA
"105","小區域",2016-10-29 02:44:00,121.55,24.71,31.6,3.6,"宜蘭縣政府西方  22.1  公里 (位於宜蘭縣大同鄉)",NA,1,1,NA
"106","小區域",2016-11-29 11:10:00,121.93,24.42,25.8,4.4,"宜蘭縣政府南偏東方  38.7  公里 (位於臺灣東部海域)",NA,1,1,NA
"107","小區域",2016-02-16 07:35:00,121.94,24.83,11,4,"宜蘭縣政府東偏北方  21.2  公里",NA,1,2,1
"108","小區域",2005-03-24 07:45:00,121.56,25,9.2,3.2,"台北市地震站東南方  6.0  公里",NA,2,NA,1
"109","小區域",2006-01-07 07:52:00,121.99,24.62,64.9,4.5,"宜蘭蘇澳地震站東方  13.4  公里",NA,NA,1,NA
"110","小區域",2006-01-09 06:39:00,121.75,24.59,68,4.2,"宜蘭蘇澳地震站西偏南  11.3  公里",NA,NA,1,NA
"111","小區域",2006-11-06 11:31:00,121.96,24.16,32.1,4.5,"宜蘭南澳地震站東南方  36.4  公里",NA,NA,1,NA
"112","小區域",2006-02-25 05:39:00,121.94,24.42,28.4,4.3,"宜蘭南澳地震站東方  19.3  公里",NA,NA,1,NA
"113","小區域",2006-04-25 02:36:00,122.01,24.77,67.7,4.4,"宜蘭蘇澳地震站東北方  23.6  公里",NA,NA,1,NA
"114","小區域",2006-08-28 03:12:00,121.73,24.7,98.2,4.3,"宜蘭市地震站南偏西方  8.0  公里",NA,NA,1,NA
"115","小區域",2007-11-08 04:32:00,122.26,24.98,18.7,4.4,"基隆市地震站東偏南方  52.6  公里",NA,NA,1,NA
"116","小區域",2007-02-27 05:07:00,121.63,24.51,43.8,3.9,"宜蘭南澳地震站西北方  15.0  公里",NA,NA,1,NA
"117","小區域",2007-03-04 01:45:00,122,24.77,77.9,4.4,"宜蘭蘇澳地震站東北方  22.6  公里",NA,NA,1,NA
"118","小區域",2007-03-05 00:34:00,121.87,24.2,6.1,4.3,"宜蘭南澳地震站南偏東方  28.0  公里",NA,NA,1,NA
"119","小區域",2007-04-11 06:04:00,122.13,24.92,112.5,4.6,"宜蘭市地震站東偏北方  41.5  公里",NA,NA,1,NA
"120","小區域",2007-04-25 01:47:00,121.59,25.18,7.2,3.1,"台北市地震站北偏東方  17.7  公里",NA,NA,1,NA
"121","小區域",2008-10-25 12:47:00,121.62,24.28,57.7,4.3,"宜蘭南澳地震站西南方  21.2  公里",NA,NA,1,NA
"122","小區域",2008-11-23 06:26:00,121.89,24.83,9.1,3.8,"宜蘭市地震站東偏北方  15.0  公里",NA,NA,1,NA
"123","小區域",2008-12-19 01:56:00,122,24.85,13.8,4.1,"宜蘭市地震站東偏北方  26.1  公里",NA,NA,1,NA
"124","小區域",2008-02-14 12:13:00,121.62,24.82,9.4,3.4,"宜蘭市地震站西偏北方  14.9  公里",NA,NA,1,NA
"125","小區域",2008-04-07 08:08:00,122.37,24.87,17.7,4.5,"宜蘭蘇澳地震站東偏北方  59.6  公里",NA,NA,1,NA
"126","小區域",2008-05-13 09:27:00,121.95,24.81,98.1,4.5,"宜蘭市地震站東偏北方  19.8  公里",NA,NA,1,NA
"127","小區域",2008-06-11 06:33:00,121.77,24.86,89.9,4,"宜蘭市地震站北方  11.2  公里",NA,NA,1,NA
"128","小區域",2008-06-15 09:47:00,121.94,24.81,12.9,3.9,"宜蘭市地震站東偏北方  19.1  公里",NA,NA,1,NA
"129","小區域",2008-07-23 10:38:00,122.3,25.15,15.3,4.2,"基隆市地震站東方  53.0  公里",NA,NA,1,NA
"130","小區域",2008-09-28 11:12:00,122.63,24.69,96.6,4.9,"宜蘭蘇澳地震站東方  78.4  公里",NA,NA,1,NA
"131","小區域",2009-01-13 06:02:00,121.75,24.75,81.2,4,"宜蘭市地震站南偏東方  2.1  公里",NA,NA,1,NA
"132","小區域",2009-01-15 12:48:00,122.02,24.88,4.9,4.1,"宜蘭市地震站東偏北方  30.4  公里",NA,NA,1,NA
"133","小區域",2009-10-20 01:54:00,121.6,25.17,7.1,2.8,"台北市地震站北偏東方  17.4  公里",NA,NA,1,NA
"134","小區域",2009-10-04 07:56:00,121.73,24.45,64.9,4,"宜蘭南澳地震站西北方  2.9  公里",NA,NA,1,NA
"135","小區域",2009-12-05 12:02:00,121.71,24.45,35.4,4.2,"宜蘭南澳地震站西偏北方  5.0  公里",NA,NA,1,NA
"136","小區域",2009-12-08 12:57:00,121.73,24.63,9.5,3.6,"宜蘭蘇澳地震站西方  13.4  公里",NA,NA,1,NA
"137","小區域",2009-04-16 04:23:00,122,24.84,12.5,4.1,"宜蘭市地震站東偏北方  26.0  公里",NA,NA,1,NA
"138","小區域",2009-04-16 08:24:00,122,24.83,8.6,3.7,"宜蘭市地震站東偏北方  25.9  公里",NA,NA,1,NA
"139","小區域",2009-04-19 12:01:00,121.76,24.7,80.2,3.8,"宜蘭市地震站南方  7.1  公里",NA,NA,1,NA
"140","小區域",2009-07-08 01:56:00,121.95,24.82,10.7,3.9,"宜蘭市地震站東偏北方  20.9  公里",NA,NA,1,NA
"141","小區域",2009-09-12 08:05:00,122.49,23.97,25.1,5.1,"花蓮市地震站東方  89.3  公里",NA,NA,1,NA
"142","小區域",2009-09-18 01:53:00,121.93,24.77,74.3,4.4,"宜蘭市地震站東方  17.2  公里",NA,NA,1,1
"143","小區域",2010-10-04 08:13:00,121.94,24.71,69.3,3.9,"宜蘭蘇澳地震站東北方  14.0  公里",NA,NA,1,NA
"144","小區域",2010-10-09 04:42:00,121.8,24.7,61.7,3.9,"宜蘭市地震站南偏東方  8.0  公里",NA,NA,1,NA
"145","小區域",2010-04-24 07:43:00,121.79,24.56,65.1,3.8,"宜蘭蘇澳地震站西南方  9.5  公里",NA,NA,1,NA
"146","小區域",2010-07-05 02:21:00,122.29,25,12,4.3,"基隆市地震站東偏南方  55.3  公里",NA,NA,1,NA
"147","小區域",2010-07-07 00:10:00,121.53,24.59,62.8,4,"宜蘭牛鬥地震站西南方  6.7  公里",NA,NA,1,NA
"148","小區域",2010-08-22 02:50:00,121.92,24.82,9.9,3.6,"宜蘭市地震站東偏北方  17.3  公里",NA,NA,1,NA
"149","小區域",2010-08-04 08:54:00,121.97,24.85,96.6,4,"宜蘭市地震站東偏北方  23.7  公里",NA,NA,1,NA
"150","小區域",2010-09-01 01:30:00,122.34,25.03,12,4.1,"基隆市地震站東偏南方  58.6  公里",NA,NA,1,NA
"151","小區域",2011-01-12 11:53:00,122.04,24.35,25.6,4.6,"宜蘭縣政府東南方  50.4  公里外海",NA,NA,1,NA
"152","小區域",2011-01-29 03:43:00,122.02,24.92,11.4,3.3,"宜蘭縣政府東北方  33.1  公里外海",NA,NA,1,NA
"153","小區域",2011-01-29 03:46:00,122.02,24.91,11.1,3.5,"宜蘭縣政府東北方  32.6  公里外海",NA,NA,1,NA
"154","小區域",2011-10-16 05:36:00,122.02,24.79,86.2,4.2,"宜蘭縣政府東偏北方  26.6  公里 (位於台灣東部海域)",NA,NA,1,NA
"155","小區域",2011-11-12 09:38:00,122.29,24,21.1,4.8,"花蓮縣政府東方  68.6  公里 (位於台灣東部海域)",NA,NA,1,NA
"156","小區域",2011-12-13 12:35:00,121.87,24.62,69.8,3.9,"宜蘭縣政府東南方  16.2  公里 (位於宜蘭縣近海)",NA,NA,1,NA
"157","小區域",2011-12-06 02:49:00,122.2,24.67,64.7,4.3,"宜蘭縣政府東方  44.8  公里 (位於台灣東部海域)",NA,NA,1,NA
"158","小區域",2011-03-02 06:06:00,121.8,24.83,104,3.9,"新北市政府東偏南方  39.6  公里",NA,NA,1,NA
"159","小區域",2011-03-08 04:16:00,121.98,24.38,26.4,4.3,"宜蘭縣政府南偏東方  44.4  公里外海",NA,NA,1,NA
"160","小區域",2011-05-15 04:42:00,122.29,25,19.2,4.2,"基隆市政府東偏南方  56.8  公里外海",NA,NA,1,NA
"161","小區域",2011-07-27 03:48:00,122.04,24.91,13.4,3.4,"宜蘭縣政府東偏北方  34.7  公里 (位於台灣東部海域)",NA,NA,1,NA
"162","小區域",2011-08-27 11:13:00,121.77,24.53,64.4,4.2,"宜蘭縣政府南方  22.1  公里 (位於宜蘭縣南澳鄉)",NA,NA,1,NA
"163","小區域",2011-09-15 03:48:00,121.71,24.66,43.6,4.1,"宜蘭縣政府西南方  9.7  公里 (位於宜蘭縣三星鄉)",NA,NA,1,NA
"164","小區域",2011-09-25 04:05:00,122.03,24.91,13.9,4,"宜蘭縣政府東偏北方  33.9  公里 (位於台灣東部海域)",NA,NA,1,NA
"165","小區域",2012-01-29 04:07:00,122.37,25.32,264.7,5.6,"基隆市政府東偏北方  66.4  公里 (位於台灣東北部海域)",NA,NA,1,NA
"166","小區域",2012-12-30 01:48:00,121.94,24.5,59.1,4.1,"宜蘭縣政府東南方  31.5  公里 (位於台灣東部海域)",NA,NA,1,NA
"167","小區域",2012-03-22 07:17:00,121.79,24.71,78.5,4,"宜蘭縣政府東偏南方  3.2  公里 (位於宜蘭縣五結鄉)",NA,NA,1,NA
"168","小區域",2012-05-11 04:04:00,122.01,24.87,9.5,3.9,"宜蘭縣政府東偏北方  29.8  公里 (位於台灣東部海域)",NA,NA,1,NA
"169","小區域",2012-06-05 04:38:00,122.19,24.22,49.9,5.1,"花蓮縣政府東偏北方  62.9  公里 (位於台灣東部海域)",NA,NA,1,NA
"170","小區域",2012-06-05 05:56:00,122.24,24.22,28.6,5.1,"花蓮縣政府東偏北方  67.4  公里 (位於台灣東部海域)",NA,NA,1,NA
"171","小區域",2013-01-19 08:30:00,121.97,24.41,47.7,4.2,"宜蘭縣政府南偏東方  41.2  公里 (位於臺灣東部海域)",NA,NA,1,NA
"172","小區域",2013-11-08 03:27:00,122,24.82,8.7,3.6,"宜蘭縣政府東偏北方  25.7  公里 (位於臺灣東部海域)",NA,NA,1,NA
"173","小區域",2013-12-26 10:52:00,121.85,24.64,72.4,3.8,"宜蘭縣政府東南方  13.1  公里 (位於宜蘭縣近海)",NA,NA,1,NA
"174","小區域",2013-02-04 05:35:00,121.97,24.45,13,3.8,"宜蘭縣政府東南方  37.2  公里 (位於臺灣東部海域)",NA,NA,1,NA
"175","小區域",2013-03-05 09:08:00,121.91,24.74,81.7,4,"宜蘭縣政府東方  15.0  公里 (位於宜蘭縣近海)",NA,NA,1,NA
"176","小區域",2013-05-03 05:29:00,121.96,24.44,12.7,3.7,"宜蘭縣政府東南方  37.3  公里 (位於臺灣東部海域)",NA,NA,1,NA
"177","小區域",2013-08-18 10:57:00,122.48,23.95,28.1,4.8,"花蓮縣政府東方  87.9  公里 (位於臺灣東部海域)",NA,NA,1,NA
"178","小區域",2014-01-14 02:12:00,122.23,24.64,16.2,4.4,"宜蘭縣政府東方  48.2  公里 (位於臺灣東部海域)",NA,NA,1,NA
"179","小區域",2014-01-24 06:51:00,122.78,24.56,85.3,5.2,"宜蘭縣政府東方  104.4  公里 (位於臺灣東部海域)",NA,NA,1,NA
"180","小區域",2014-11-20 01:47:00,122.05,24.92,13.2,4.5,"宜蘭縣政府東偏北方  35.3  公里 (位於臺灣東部海域)",NA,NA,1,NA
"181","小區域",2014-03-21 02:25:00,121.83,24.79,96.4,4.1,"宜蘭縣政府東北方  9.7  公里 (位於宜蘭縣近海)",NA,NA,1,NA
"182","小區域",2014-04-07 02:21:00,121.81,24.6,70.5,3.7,"宜蘭縣政府南偏東方  15.0  公里 (位於宜蘭縣蘇澳鎮)",NA,NA,1,NA
"183","小區域",2014-05-06 04:30:00,121.61,24.67,61.4,3.3,"宜蘭縣政府西偏南方  16.4  公里 (位於宜蘭縣三星鄉)",NA,NA,1,NA
"184","小區域",2014-09-26 05:49:00,121.78,24.56,50,4.2,"宜蘭縣政府南方  19.0  公里 (位於宜蘭縣南澳鄉)",NA,NA,1,NA
"185","小區域",2015-01-08 05:56:00,121.96,24.79,78.9,4.2,"宜蘭縣政府東偏北方  21.2  公里 (位於臺灣東部海域)",NA,NA,1,NA
"186","小區域",2015-10-19 02:46:00,121.98,24.83,14.2,3.9,"宜蘭縣政府東偏北方  25.1  公里 (位於臺灣東部海域)",NA,NA,1,NA
"187","小區域",2015-10-19 03:31:00,121.99,24.84,6.2,4.1,"宜蘭縣政府東偏北方  26.1  公里 (位於臺灣東部海域)",NA,NA,1,NA
"188","小區域",2015-10-19 12:36:00,122,24.86,12.8,3.7,"宜蘭縣政府東偏北方  27.8  公里 (位於臺灣東部海域)",NA,NA,1,NA
"189","小區域",2015-10-20 07:33:00,121.96,24.84,12.2,3.9,"宜蘭縣政府東偏北方  23.1  公里 (位於臺灣東部海域)",NA,NA,1,NA
"190","小區域",2015-10-21 07:08:00,121.98,24.85,5.6,4,"宜蘭縣政府東偏北方  25.8  公里 (位於臺灣東部海域)",NA,NA,1,NA
"191","小區域",2015-10-06 10:28:00,121.61,24.63,57.2,4.3,"宜蘭縣政府西南方  19.1  公里 (位於宜蘭縣大同鄉)",NA,NA,1,NA
"192","小區域",2015-10-09 01:03:00,121.9,24.81,12.5,3.7,"宜蘭縣政府東偏北方  16.7  公里 (位於宜蘭縣近海)",NA,NA,1,NA
"193","小區域",2015-11-12 05:31:00,121.85,24.99,133.1,4.6,"基隆市政府東南方  19.2  公里 (位於新北市雙溪區)",NA,NA,1,NA
"194","小區域",2015-11-08 07:04:00,122.23,24.9,117.1,4.3,"宜蘭縣政府東偏北方  50.3  公里 (位於臺灣東部海域)",NA,NA,1,NA
"195","小區域",2015-12-27 03:00:00,122.59,24.57,93.6,4.8,"宜蘭縣政府東方  85.9  公里 (位於臺灣東部海域)",NA,NA,1,NA
"196","小區域",2015-03-12 07:37:00,122.08,24.72,63.6,4.2,"宜蘭縣政府東方  32.0  公里 (位於臺灣東部海域)",NA,NA,1,NA
"197","小區域",2015-03-28 11:52:00,121.99,24.83,13.9,3.7,"宜蘭縣政府東偏北方  25.9  公里 (位於臺灣東部海域)",NA,NA,1,NA
"198","小區域",2015-05-24 04:35:00,121.91,24.39,42.6,4.3,"宜蘭縣政府南偏東方  40.8  公里 (位於臺灣東部海域)",NA,NA,1,NA
"199","小區域",2015-05-26 08:56:00,122.47,23.96,28.9,5,"花蓮縣政府東方  86.1  公里 (位於臺灣東部海域)",NA,NA,1,NA
"200","小區域",2015-05-07 04:04:00,121.35,24.06,68,4.4,"花蓮縣政府西偏北方  28.2  公里 (位於花蓮縣秀林鄉)",NA,NA,1,NA
"201","小區域",2015-09-10 02:46:00,122.03,24.85,10.1,3.7,"宜蘭縣政府東偏北方  29.7  公里 (位於臺灣東部海域)",NA,NA,1,NA
"202","小區域",2015-09-10 08:48:00,122.02,24.85,9.7,3.8,"宜蘭縣政府東偏北方  29.5  公里 (位於臺灣東部海域)",NA,NA,1,NA
"203","小區域",2015-09-02 01:34:00,122.37,24.01,26.2,5,"花蓮縣政府東方  75.9  公里 (位於臺灣東部海域)",NA,NA,1,NA
"204","小區域",2016-01-22 04:37:00,122.31,24.96,14,4.4,"基隆市政府東偏南方  59.9  公里",NA,NA,1,NA
"205","小區域",2016-11-29 02:33:00,122.04,24.85,9,4.2,"宜蘭縣政府東偏北方  31.2  公里 (位於臺灣東部海域)",NA,NA,1,NA
"206","小區域",2016-12-02 01:45:00,121.77,24.69,73.2,3.9,"宜蘭縣政府南方  4.5  公里 (位於宜蘭縣五結鄉)",NA,NA,1,NA
"207","小區域",2016-12-03 02:48:00,121.83,24.72,58.3,3.8,"宜蘭縣政府東方  7.1  公里 (位於宜蘭縣近海)",NA,NA,1,NA
"208","小區域",2016-02-16 08:20:00,121.95,24.83,8.6,4,"宜蘭縣政府東偏北方  21.5  公里",NA,NA,1,2
"209","小區域",2016-02-29 09:36:00,121.73,24.92,112.6,4.3,"臺北市政府東南方  21.2  公里",NA,NA,1,NA
"210","小區域",2016-04-11 11:25:00,121.79,24.56,65.4,4.2,"宜蘭縣政府南方  19.6  公里",NA,NA,1,NA
"211","小區域",2016-05-12 02:36:00,122.05,24.69,11.7,4.3,"宜蘭縣政府東方  29.4  公里 (位於臺灣東部海域)",NA,NA,1,NA
"212","小區域",2016-05-13 09:37:00,121.75,24.59,70.6,4,"宜蘭縣政府南方  16.0  公里",NA,NA,1,NA
"213","小區域",2016-07-10 10:32:00,121.62,24.63,54,3.8,"宜蘭縣政府西南方  18.0  公里 (位於宜蘭縣大同鄉)",NA,NA,1,NA
"214","小區域",2017-01-02 09:20:00,121.84,24.59,76.4,4,"宜蘭縣政府南偏東方  17.1  公里 (位於宜蘭縣蘇澳鎮)",NA,NA,1,NA
"215","小區域",2017-03-21 02:50:00,121.55,24.63,77.1,3.9,"宜蘭縣政府西偏南方  23.8  公里 (位於宜蘭縣大同鄉)",NA,NA,1,NA
"216","小區域",2008-04-18 12:02:00,121.69,24.76,75.3,3.6,"宜蘭市地震站西方  6.5  公里",NA,NA,2,NA
"217","小區域",2009-10-20 01:40:00,121.6,25.17,6.7,3.2,"台北市地震站北偏東方  17.0  公里",NA,NA,2,NA
"218","小區域",2016-05-06 02:36:00,121.75,24.65,74.6,4.2,"宜蘭縣政府南方  8.8  公里",NA,NA,2,NA
"219","小區域",2001-12-12 10:36:00,121.98,24.82,5.1,4,"宜蘭市地震站東偏北方  23.0  公里",NA,NA,NA,1
"220","小區域",2001-12-21 02:39:00,121.81,24.85,84.1,3.9,"宜蘭市地震站北偏東方  10.9  公里",NA,NA,NA,1
"221","小區域",2002-08-01 04:13:00,121.98,24.8,5.7,3.9,"宜蘭市地震站東方  22.9  公里",NA,NA,NA,1
"222","小區域",2004-05-04 01:50:00,121.79,24.66,11.4,3.2,"宜蘭蘇澳地震站西北方  9.7  公里",NA,NA,NA,1
"223","100050   ",2011-04-30 04:35:00,121.81,24.65,75,5.8,"宜蘭縣政府南偏東方  10.1  公里",2,3,NA,3
"224","101087   ",2012-06-10 05:00:00,122.31,24.46,69.9,6.6,"宜蘭縣政府東偏南方  62.8  公里 (位於台灣東部海域)",2,3,NA,2
"225","102041   ",2013-03-27 10:03:00,121.05,23.9,19.4,6.2,"南投縣政府東方  36.9  公里 (位於南投縣仁愛鄉)",2,2,NA,2
"226","102075   ",2013-06-02 01:43:00,120.97,23.86,14.5,6.5,"南投縣政府東方  29.3  公里 (位於南投縣魚池鄉)",2,3,NA,2
"227","103033   ",2014-02-22 04:25:00,121.6,24.7,60.9,5.6,"宜蘭縣政府西方  16.8  公里 (位於宜蘭縣大同鄉)",2,3,NA,2
"228","103070   ",2014-05-21 08:21:00,121.43,23.74,16.5,5.9,"花蓮縣政府西南方  34.2  公里 (位於花蓮縣鳳林鎮)",2,2,2,2
"229","104022   ",2015-04-20 09:42:00,122.44,24.02,30.6,6.4,"花蓮縣政府東方  83.6  公里 (位於臺灣東部海域)",2,3,NA,3
"230","104051   ",2015-09-16 03:37:00,121.82,24.25,19.8,5.7,"花蓮縣政府東北方  35.0  公里 (位於花蓮縣近海)",2,2,NA,2
"231","105060   ",2016-05-12 11:17:00,121.98,24.69,8.9,6.1,"宜蘭縣政府東方  22.4  公里",2,3,NA,3
"232","105063   ",2016-05-12 12:29:00,122.02,24.69,12,5.7,"宜蘭縣政府東方  26.1  公里",2,3,NA,2
"233","90057   ",2001-06-13 09:17:00,122.61,24.38,64.4,6.3,"宜蘭蘇澳地震站東偏南方  79.8  公里",2,3,NA,2
"234","90132   ",2001-12-18 12:03:00,122.65,23.87,12,6.7,"花蓮市地震站東方  106.4  公里",2,3,NA,NA
"235","91071   ",2002-05-15 11:46:00,121.87,24.65,8.5,6.2,"宜蘭蘇澳地震站北偏東方  4.9  公里",2,NA,NA,3
"236","91094   ",2002-05-29 12:45:00,122.4,23.91,15.2,6.2,"花蓮市地震站東方  80.0  公里",2,3,NA,NA
"237","92052   ",2003-06-09 09:52:00,122.02,24.37,23.2,5.7,"宜蘭南澳地震站東偏南方  28.5  公里",2,3,NA,2
"238","92057   ",2003-06-10 04:40:00,121.7,23.5,32.3,6.5,"花蓮西林地震站東南方  43.1  公里",2,2,NA,2
"239","92122   ",2003-12-10 12:38:00,121.4,23.07,17.7,6.4,"台東成功地震站東南方  4.3  公里",2,2,NA,2
"240","93094   ",2004-10-15 12:08:00,122.85,24.46,91,7.1,"宜蘭蘇澳地震站東方  101.8  公里",2,NA,NA,3
"241","93102   ",2004-11-08 11:54:00,122.76,23.79,10,6.6,"花蓮市地震站東方  118.5  公里",2,3,NA,3
"242","94034   ",2005-03-06 03:06:00,121.84,24.65,6.4,5.9,"宜蘭蘇澳地震站北偏西方  5.5  公里",2,3,NA,NA
"243","94098   ",2005-06-02 02:20:00,122.07,24.64,64.8,6,"宜蘭蘇澳地震站東方  21.2  公里",2,3,NA,2
"244","9434A   ",2005-03-06 03:08:00,121.8,24.65,7,6,"宜蘭蘇澳地震站西北方  8.0  公里",2,3,NA,3
"245","96058   ",2007-09-07 01:51:00,122.25,24.28,54,6.6,"宜蘭南澳地震站東偏南方  53.8  公里",2,3,NA,3
"246","97041   ",2008-06-02 02:59:00,121.79,24.86,92.3,5.8,"宜蘭市地震站北偏東方  11.3  公里",2,3,NA,3
"247","98072   ",2009-07-14 02:05:00,122.22,24.02,18.1,6,"花蓮市地震站東方  61.9  公里",2,3,NA,3
"248","98120   ",2009-10-20 01:55:00,121.59,25.17,7.5,3.1,"台北市地震站北偏東方  17.1  公里",2,NA,2,NA
"249","98121   ",2009-10-20 02:32:00,121.59,25.18,6.7,3,"台北市地震站北偏東方  16.9  公里",2,NA,1,NA
"250","102121   ",2013-10-31 08:02:00,121.35,23.57,15,6.4,"花蓮縣政府南偏西方  54.6  公里 (位於花蓮縣萬榮鄉)",3,3,NA,3
"251","89187   ",2000-09-10 04:54:00,121.58,24.09,17.7,6.2,"花蓮秀林地震站西偏北方  2.2  公里",3,NA,NA,2
"252","90058   ",2001-06-14 10:35:00,121.93,24.42,17.3,6.3,"宜蘭南澳地震站東方  18.2  公里",3,NA,NA,2
"253","98144   ",2009-12-19 09:02:00,121.66,23.79,43.8,6.9,"花蓮市地震站南偏東方  21.4  公里",3,NA,NA,NA
"254","100003   ",2011-01-11 06:41:00,122.05,24.59,13.3,4.4,"宜蘭縣政府東偏南方  32.7  公里外海",NA,1,1,1
"255","100009   ",2011-02-01 04:16:00,121.8,24.21,18.3,5.5,"花蓮縣政府東北方  30.6  公里外海",NA,1,2,1
"256","100034   ",2011-03-26 03:19:00,121.92,24.84,92.6,4.7,"宜蘭縣政府東北方  19.4  公里外海",NA,1,2,NA
"257","100053   ",2011-05-03 01:52:00,121.71,23.93,41.2,5.2,"花蓮縣政府東偏南方  10.7  公里外海",NA,1,1,NA
"258","100056   ",2011-05-07 04:35:00,121.96,24.47,13.5,4.6,"宜蘭縣政府東南方  35.8  公里外海",NA,1,2,NA
"259","100076   ",2011-06-19 06:18:00,121.84,24.69,74.6,4.9,"宜蘭縣政府東偏南方  9.1  公里 (位於宜蘭縣近海)",NA,1,2,1
"260","100085   ",2011-07-03 08:30:00,121.9,24.67,68,4.8,"宜蘭縣政府東偏南方  15.3  公里 (位於宜蘭縣近海)",NA,1,2,1
"261","100100   ",2011-07-12 07:17:00,121.52,23.51,31.2,5.3,"花蓮縣政府南偏西方  53.9  公里 (位於花蓮縣近海)",NA,1,1,NA
"262","100128   ",2011-09-07 02:23:00,121.86,24.85,106,4.1,"宜蘭縣政府東北方  16.3  公里 (位於宜蘭縣近海)",NA,1,1,NA
"263","100134   ",2011-09-22 06:18:00,121.67,24.09,17.2,5.1,"花蓮縣政府北偏東方  11.9  公里 (位於花蓮縣近海)",NA,1,1,NA
"264","100147   ",2011-10-30 11:23:00,123.16,25.31,215.8,6.3,"基隆市政府東方  143.6  公里 (位於台灣東北部海域)",NA,1,2,1
"265","100148   ",2011-10-31 11:17:00,121.94,24.84,92.1,5,"宜蘭縣政府東偏北方  21.7  公里 (位於台灣東部海域)",NA,1,2,1
"266","100155   ",2011-11-17 07:31:00,121.91,24.68,64.9,4.2,"宜蘭縣政府東偏南方  16.0  公里 (位於宜蘭縣近海)",NA,1,1,NA
"267","101016   ",2012-01-18 02:36:00,122.09,24.91,12.2,4.1,"宜蘭縣政府東偏北方  38.5  公里 (位於台灣東部海域)",NA,1,1,NA
"268","101018   ",2012-01-20 06:06:00,122.05,24.52,13.8,4.4,"宜蘭縣政府東南方  37.2  公里 (位於台灣東部海域)",NA,1,2,1
"269","101020   ",2012-01-25 04:36:00,122.2,24.89,124.3,5,"宜蘭縣政府東偏北方  47.4  公里 (位於台灣東部海域)",NA,1,1,NA
"270","101058   ",2012-04-09 05:43:00,122.36,24.04,29.2,5.7,"花蓮縣政府東方  75.3  公里 (位於台灣東部海域)",NA,1,2,1
"271","101064   ",2012-04-19 09:58:00,121.67,24.13,29.1,5.5,"花蓮縣政府北偏東方  16.7  公里 (位於花蓮縣近海)",NA,1,1,NA
"272","101088   ",2012-06-10 05:54:00,122.22,24.49,69.6,5.1,"宜蘭縣政府東偏南方  53.7  公里 (位於台灣東部海域)",NA,1,1,NA
"273","101090   ",2012-06-13 04:22:00,121.26,24.76,10.2,4.7,"桃園縣政府南方  25.9  公里 (位於新竹縣尖石鄉)",NA,1,1,1
"274","101091   ",2012-06-13 10:41:00,121.26,24.76,10.2,4.6,"桃園縣政府南方  25.8  公里 (位於新竹縣尖石鄉)",NA,1,2,1
"275","101095   ",2012-06-15 12:15:00,121.54,23.71,6.5,5.3,"花蓮縣政府南偏西方  32.0  公里 (位於花蓮縣豐濱鄉)",NA,1,1,NA
"276","101160   ",2012-08-17 01:41:00,121.5,24.05,22.2,4.6,"花蓮縣政府西偏北方  13.7  公里 (位於花蓮縣秀林鄉)",NA,1,1,NA
"277","101212   ",2012-12-23 02:13:00,121.46,24.32,5.2,4.6,"花蓮縣政府北偏西方  39.7  公里 (位於花蓮縣秀林鄉)",NA,1,2,1
"278","102007   ",2013-01-07 02:49:00,122.84,24.48,69.4,5.7,"宜蘭縣政府東偏南方  112.7  公里 (位於臺灣東部海域)",NA,1,1,NA
"279","102011   ",2013-01-21 03:09:00,122.52,24.7,108.2,5.6,"宜蘭縣政府東方  76.5  公里 (位於臺灣東部海域)",NA,1,2,1
"280","102014   ",2013-02-02 01:39:00,121.98,23.75,35,5.6,"花蓮縣政府東南方  45.4  公里 (位於臺灣東部海域)",NA,1,1,NA
"281","102018   ",2013-02-17 09:32:00,121.45,24.32,6.3,4.6,"花蓮縣政府北偏西方  40.1  公里 (位於花蓮縣秀林鄉)",NA,1,2,1
"282","102025   ",2013-02-22 02:35:00,121.44,24.31,6.4,4.8,"花蓮縣政府北偏西方  39.5  公里 (位於花蓮縣秀林鄉)",NA,1,1,NA
"283","102027   ",2013-03-06 07:49:00,121.97,24.44,13.4,4.4,"宜蘭縣政府東南方  38.4  公里 (位於臺灣東部海域)",NA,1,NA,NA
"284","102061   ",2013-05-19 08:20:00,121.66,24.37,58.9,4.4,"宜蘭縣政府南偏西方  41.3  公里 (位於宜蘭縣南澳鄉)",NA,1,NA,NA
"285","102082   ",2013-06-26 06:19:00,121.87,24.79,10,4.5,"宜蘭縣政府東偏北方  12.8  公里 (位於宜蘭縣近海)",NA,1,1,NA
"286","102090   ",2013-07-16 06:11:00,121.5,24.28,4.9,5.5,"花蓮縣政府北偏西方  34.1  公里 (位於花蓮縣秀林鄉)",NA,1,NA,NA
"287","102107   ",2013-09-18 11:33:00,122.09,24.64,15.1,4.5,"宜蘭縣政府東偏南方  34.8  公里 (位於臺灣東部海域)",NA,1,1,NA
"288","103001   ",2014-01-02 07:44:00,121.57,25.06,9.4,2.9,"臺北市政府北偏東方  2.2  公里 (位於臺北市內湖區)",NA,1,2,1
"289","103002   ",2014-01-02 07:46:00,121.57,25.06,9.8,2.5,"臺北市政府北偏東方  2.6  公里 (位於臺北市內湖區)",NA,1,1,NA
"290","103003   ",2014-01-03 02:34:00,121.57,25.06,9.8,2.6,"臺北市政府北偏東方  2.6  公里 (位於臺北市內湖區)",NA,1,1,NA
"291","103021   ",2014-02-07 01:48:00,121.82,24.7,72.5,3.8,"宜蘭縣政府東偏南方  6.4  公里 (位於宜蘭縣五結鄉)",NA,1,1,NA
"292","103041   ",2014-03-17 09:12:00,122.42,24.02,29.5,5.4,"花蓮縣政府東方  81.2  公里 (位於臺灣東部海域)",NA,1,1,1
"293","103084   ",2014-06-18 03:49:00,121.97,24.5,61.8,4.8,"宜蘭縣政府東南方  32.6  公里 (位於臺灣東部海域)",NA,1,2,NA
"294","103102   ",2014-08-01 02:38:00,121.6,24.56,6.1,4,"宜蘭縣政府西南方  25.3  公里 (位於宜蘭縣大同鄉)",NA,1,NA,NA
"295","103121   ",2014-10-08 02:08:00,121.58,23.64,33.4,5.2,"花蓮縣政府南方  39.3  公里 (位於花蓮縣近海)",NA,1,1,NA
"296","103127   ",2014-10-26 12:47:00,122.18,24.73,86,5,"宜蘭縣政府東方  42.5  公里 (位於臺灣東部海域)",NA,1,2,1
"297","103141   ",2014-11-20 06:37:00,122.03,24.9,11.6,4.4,"宜蘭縣政府東偏北方  33.0  公里 (位於臺灣東部海域)",NA,1,2,NA
"298","103148   ",2014-12-11 05:03:00,122.61,25.45,268.6,6.7,"基隆市政府東偏北方  93.6  公里 (位於臺灣東北部海域)",NA,1,2,1
"299","103154   ",2014-12-31 03:54:00,122.57,24.59,96.1,5.6,"宜蘭縣政府東方  82.8  公里 (位於臺灣東部海域)",NA,1,2,1
"300","104002   ",2015-01-05 01:53:00,122.02,24.69,73.8,5.1,"宜蘭縣政府東方  26.2  公里 (位於臺灣東部海域)",NA,1,NA,NA
"301","104005   ",2015-01-17 03:12:00,121.95,24.43,31.4,4.9,"宜蘭縣政府南偏東方  38.5  公里 (位於臺灣東部海域)",NA,1,2,1
"302","104008   ",2015-02-04 04:14:00,121.61,24.59,52.7,4.7,"宜蘭縣政府西南方  22.3  公里 (位於宜蘭縣大同鄉)",NA,1,2,NA
"303","104010   ",2015-02-12 03:35:00,121.7,24.27,29.7,4.7,"花蓮縣政府北偏東方  31.5  公里 (位於花蓮縣秀林鄉)",NA,1,1,NA
"304","104011   ",2015-02-14 04:06:00,121.4,22.66,27.8,6.3,"臺東縣政府東偏南方  27.4  公里 (位於臺灣東部海域)",NA,1,1,NA
"305","104012   ",2015-02-27 12:50:00,122.3,24.69,97.6,5.3,"宜蘭縣政府東方  55.0  公里 (位於臺灣東部海域)",NA,1,1,NA
"306","104013   ",2015-03-12 07:02:00,121.82,24.76,93.2,4.6,"宜蘭縣政府東偏北方  6.8  公里 (位於宜蘭縣近海)",NA,1,2,1
"307","104014   ",2015-03-14 10:45:00,121.9,24.48,27.4,4.6,"宜蘭縣政府南偏東方  31.3  公里 (位於宜蘭縣近海)",NA,1,1,NA
"308","104023   ",2015-04-20 07:20:00,121.66,23.66,38.3,5.5,"花蓮縣政府南方  36.9  公里 (位於臺灣東部海域)",NA,1,1,NA
"309","104026   ",2015-04-26 04:01:00,122.53,23.93,34.8,5.7,"花蓮縣政府東方  93.2  公里 (位於臺灣東部海域)",NA,1,2,1
"310","104028   ",2015-05-11 04:38:00,120.43,24.56,12.3,4.9,"苗栗縣政府西方  39.2  公里 (位於臺灣西部海域)",NA,1,NA,NA
"311","104040   ",2015-07-28 02:59:00,121.43,24.43,6,4.7,"宜蘭縣政府西南方  47.2  公里 (位於宜蘭縣大同鄉)",NA,1,NA,NA
"312","104042   ",2015-08-01 03:36:00,121.82,24.73,78.4,4.2,"宜蘭縣政府東方  5.8  公里 (位於宜蘭縣壯圍鄉)",NA,1,2,NA
"313","104072   ",2015-10-16 07:52:00,121.76,24.32,18.8,4.6,"花蓮縣政府北偏東方  38.9  公里 (位於宜蘭縣南澳鄉)",NA,1,1,NA
"314","104081   ",2015-11-03 08:06:00,122.03,24.85,8.9,4.8,"宜蘭縣政府東偏北方  29.8  公里 (位於臺灣東部海域)",NA,1,2,2
"315","104084   ",2015-11-11 11:33:00,122.75,24.47,95.6,5.5,"宜蘭縣政府東偏南方  104.3  公里 (位於臺灣東部海域)",NA,1,2,NA
"316","104089   ",2015-12-03 09:37:00,121.81,24.79,71.3,4.4,"宜蘭縣政府東北方  7.9  公里 (位於宜蘭縣壯圍鄉)",NA,1,2,1
"317","105004   ",2016-01-19 10:13:00,121.31,22.79,29.7,5.8,"臺東縣政府東方  17.0  公里",NA,1,NA,NA
"318","105005   ",2016-02-02 00:19:00,123.54,25.42,203.7,6.7,"基隆市政府東方  183.2  公里",NA,1,1,NA
"319","105021   ",2016-03-06 02:11:00,121.77,24.72,70.5,4.7,"宜蘭縣政府南偏東方  1.8  公里",NA,1,NA,1
"320","105023   ",2016-04-11 01:45:00,122.12,24.55,59.8,5.7,"宜蘭縣政府東偏南方  41.7  公里",NA,1,2,1
"321","105040   ",2016-04-28 02:19:00,121.23,23.28,15.2,5.5,"臺東縣政府北方  59.1  公里",NA,1,1,NA
"322","105062   ",2016-05-12 11:21:00,121.96,24.69,9.7,4.5,"宜蘭縣政府東偏南方  20.2  公里",NA,1,2,1
"323","105081   ",2016-06-20 03:53:00,121.89,24.88,106.9,4.7,"宜蘭縣政府東北方  21.4  公里 (位於宜蘭縣近海)",NA,1,2,NA
"324","105088   ",2016-07-27 12:02:00,121.75,24.27,7.7,4.8,"花蓮縣政府北偏東方  33.4  公里 (位於花蓮縣近海)",NA,1,1,NA
"325","105097   ",2016-10-06 11:52:00,121.34,22.63,23.7,6.2,"臺東縣政府東偏南方  24.4  公里 (位於臺灣東部海域)",NA,1,1,NA
"326","105102   ",2016-11-12 06:25:00,122.43,24.07,31.2,5.3,"花蓮縣政府東方  82.8  公里 (位於臺灣東部海域)",NA,1,1,1
"327","105108   ",2016-12-09 12:09:00,122.05,24.71,63.1,5.2,"宜蘭縣政府東方  28.8  公里 (位於臺灣東部海域)",NA,1,2,1
"328","105112   ",2016-12-30 08:30:00,122.08,24.81,75.2,5.2,"宜蘭縣政府東偏北方  33.1  公里 (位於臺灣東部海域)",NA,1,1,NA
"329","106014   ",2017-03-08 06:10:00,122.1,24.31,59.9,5.2,"宜蘭縣政府東南方  58.0  公里 (位於臺灣東部海域)",NA,1,2,2
"330","84001   ",1995-01-05 06:14:00,121.7,24.96,91.5,4.5,"台北市地震站東偏南方  20.2  公里",NA,1,NA,NA
"331","84029   ",1995-05-16 02:58:00,122.36,24.74,79.4,5.4,"宜蘭蘇澳地震站東偏北方  53.0  公里",NA,1,NA,1
"332","84033   ",1995-05-31 10:09:00,121.88,24.44,37.3,4.8,"宜蘭南澳地震站東方  13.1  公里",NA,1,NA,NA
"333","84038   ",1995-07-06 01:33:00,122.12,24.83,8.9,4.6,"宜蘭蘇澳地震站東北方  35.9  公里",NA,1,NA,NA
"334","84039   ",1995-07-07 01:04:00,121.09,23.89,13.1,5.3,"花蓮西林地震站西偏北方  36.9  公里",NA,1,NA,NA
"335","84042   ",1995-07-15 01:40:00,121.84,24.32,8.6,4.9,"宜蘭南澳地震站東南方  15.1  公里",NA,1,NA,NA
"336","84044   ",1995-07-28 04:00:00,121.96,24.71,71.5,4.7,"宜蘭蘇澳地震站東北方  15.3  公里",NA,1,NA,NA
"337","84045   ",1995-08-07 07:59:00,121.87,24.88,115.7,4.8,"宜蘭市地震站東北方  17.9  公里",NA,1,NA,2
"338","84048   ",1995-10-04 01:01:00,122,24.87,4.8,4.5,"宜蘭市地震站東偏北方  27.6  公里",NA,1,NA,1
"339","84053   ",1995-11-07 03:31:00,121.82,24.45,7.9,4.6,"宜蘭南澳地震站東偏北方  7.1  公里",NA,1,NA,NA
"340","84067   ",1995-12-08 09:14:00,122.35,24.27,50,5.3,"宜蘭蘇澳地震站東南方  62.8  公里",NA,1,NA,NA
"341","84069   ",1995-12-21 07:56:00,121.71,24.05,33.7,5.1,"花蓮秀林地震站東偏南方  11.5  公里",NA,1,NA,1
"342","85010   ",1996-03-19 03:25:00,122.31,23.91,1.6,5,"花蓮市地震站東方  71.1  公里",NA,1,NA,NA
"343","85018   ",1996-05-29 05:53:00,121.58,24.05,25,5.1,"花蓮秀林地震站西南方  3.8  公里",NA,1,NA,NA
"344","85027   ",1996-09-06 07:42:00,121.37,22,14.8,7.1,"台東蘭嶼地震站西方  20.2  公里",NA,1,NA,NA
"345","85038   ",1996-12-16 02:56:00,121.42,24.02,71.4,4.8,"花蓮秀林地震站西偏南  19.7  公里",NA,1,NA,NA
"346","86010   ",1997-02-11 12:50:00,121.76,24.13,20,4.9,"花蓮秀林地震站東偏北方  16.6  公里",NA,1,NA,NA
"347","86017   ",1997-03-23 07:37:00,121.76,24.44,8.6,4.5,"宜蘭南澳地震站東北方  2.3  公里",NA,1,NA,NA
"348","86027   ",1997-05-16 07:24:00,121.95,24.58,10,4.2,"宜蘭蘇澳地震站東偏南方  9.9  公里",NA,1,NA,1
"349","86028   ",1997-05-28 10:10:00,121.93,24.52,9.2,3.7,"宜蘭蘇澳地震站東南方  12.0  公里",NA,1,NA,NA
"350","86029   ",1997-06-01 07:21:00,121.87,24.62,64.1,4.8,"宜蘭蘇澳地震站東北方  1.8  公里",NA,1,NA,1
"351","86041   ",1997-08-20 03:03:00,120.94,24.25,37.4,4.4,"台中德基地震站西方  22.2  公里",NA,1,NA,NA
"352","86045   ",1997-09-28 03:54:00,121.78,24.61,68.6,5,"宜蘭蘇澳地震站西方  7.7  公里",NA,1,NA,1
"353","86047   ",1997-10-12 02:24:00,122.58,24.98,146.4,6.1,"基隆市地震站東偏南方  83.1  公里",NA,1,NA,1
"354","86058   ",1997-11-14 12:29:00,121.76,24.16,3.1,5.4,"花蓮秀林地震站東偏北方  17.9  公里",NA,1,NA,1
"355","87016   ",1998-04-29 05:18:00,121.94,24.4,16.6,4.2,"宜蘭南澳地震站東方  19.2  公里",NA,1,NA,NA
"356","87020   ",1998-05-10 04:53:00,121.91,24.82,83.6,5.4,"宜蘭市地震站東偏北方  16.6  公里",NA,1,NA,3
"357","87023   ",1998-05-30 02:22:00,122.13,24.27,37.8,5.3,"宜蘭南澳地震站東偏南方  42.3  公里",NA,1,NA,2
"358","87027   ",1998-07-17 12:51:00,120.66,23.5,2.8,6.2,"嘉義阿里山地震站西方  15.4  公里",NA,1,NA,NA
"359","87039   ",1998-09-13 01:34:00,123.01,24.24,28.1,5.8,"宜蘭蘇澳地震站東偏南方  124.2  公里",NA,1,NA,1
"360","87046   ",1998-11-18 06:27:00,120.79,22.83,16.5,5.5,"高雄甲仙地震站東南方  34.3  公里",NA,1,NA,NA
"361","87053   ",1998-12-14 08:59:00,122.16,24.29,38.7,5.2,"宜蘭南澳地震站東偏南方  43.9  公里",NA,1,NA,1
"362","87056   ",1998-12-24 06:37:00,121.88,24.63,75.4,4.6,"宜蘭蘇澳地震站東北方  3.2  公里",NA,1,NA,1
"363","88021   ",1999-05-08 03:52:00,121.88,24.78,9.8,4.3,"宜蘭市地震站東方  12.4  公里",NA,1,NA,1
"364","88022   ",1999-05-08 03:54:00,121.87,24.78,11.3,4.2,"宜蘭市地震站東方  11.8  公里",NA,1,NA,NA
"365","88036   ",1999-08-07 02:09:00,121.82,24.64,73.1,4.6,"宜蘭蘇澳地震站西北方  5.0  公里",NA,1,NA,1
"366","88049   ",1999-09-21 02:21:00,121.1,23.96,25.6,5.2,"台中德基地震站南偏西方  32.4  公里",NA,1,NA,NA
"367","88050   ",1999-09-21 02:32:00,121.02,23.82,12.4,5.1,"南投名間地震站東方  34.5  公里",NA,1,NA,NA
"368","88051   ",1999-09-21 02:47:00,120.98,23.9,8.2,4.8,"南投名間地震站東方  29.7  公里",NA,1,NA,NA
"369","88052   ",1999-09-21 02:50:00,121,23.93,11.1,4.8,"南投名間地震站東方  31.8  公里",NA,1,NA,NA
"370","88053   ",1999-09-21 02:53:00,121.03,23.93,11.2,4.7,"南投名間地震站東方  35.2  公里",NA,1,NA,NA
"371","88054   ",1999-09-21 02:57:00,120.82,24.13,6.7,4.9,"台中市地震站東方  14.0  公里",NA,1,NA,NA
"372","88057   ",1999-09-21 03:28:00,120.97,23.9,8.5,5.1,"南投名間地震站東方  28.8  公里",NA,1,NA,NA
"373","88058   ",1999-09-21 03:40:00,120.92,23.54,9,5.3,"台東利稻地震站北偏西方  40.9  公里",NA,1,NA,NA
"374","88060   ",1999-09-21 04:21:00,121.02,24.1,6.7,5.2,"台中德基地震站西南方  22.0  公里",NA,1,NA,NA
"375","88061   ",1999-09-21 04:40:00,121.34,23.96,5.2,5.1,"花蓮西林地震站北偏西方  19.5  公里",NA,1,NA,NA
"376","88062   ",1999-09-21 04:43:00,121.33,23.76,8.8,5.2,"花蓮西林地震站西偏南  12.6  公里",NA,1,NA,NA
"377","88066   ",1999-09-21 06:56:00,120.97,23.88,12.6,4.9,"南投名間地震站東方  28.1  公里",NA,1,NA,NA
"378","88067   ",1999-09-21 07:18:00,120.91,23.45,9.6,5.1,"台東利稻地震站北偏西方  31.6  公里",NA,1,NA,NA
"379","88068   ",1999-09-21 08:45:00,120.99,23.87,9.1,5.1,"南投名間地震站東方  30.0  公里",NA,1,NA,NA
"380","88090   ",1999-09-22 06:17:00,121.38,23.93,11.7,5.2,"花蓮西林地震站北偏西方  14.3  公里",NA,1,NA,NA
"381","88096   ",1999-09-22 10:19:00,121.38,23.82,15.7,5,"花蓮西林地震站西方  6.6  公里",NA,1,NA,NA
"382","88102   ",1999-09-22 08:17:00,120.98,23.74,24,6,"南投日月潭地震站南偏東方  17.4  公里",NA,1,NA,NA
"383","88107   ",1999-09-23 07:45:00,121.05,22.59,47.4,4.3,"台東市地震站南偏西方  20.9  公里",NA,1,NA,NA
"384","88109   ",1999-09-23 08:44:00,121.09,23.93,18.4,5.6,"台中德基地震站南偏西方  36.7  公里",NA,1,NA,NA
"385","88112   ",1999-09-24 05:39:00,121.39,23.94,11.8,5.2,"花蓮西林地震站北偏西方  15.3  公里",NA,1,NA,NA
"386","88114   ",1999-09-24 11:38:00,121,24.17,4.1,5.1,"台中德基地震站西偏南  18.1  公里",NA,1,NA,NA
"387","88119   ",1999-09-25 10:42:00,121.19,24.23,5.5,4.4,"台中德基地震站東南方  3.6  公里",NA,1,NA,NA
"388","88135   ",1999-09-27 03:28:00,121.26,24.15,4.3,5.2,"台中德基地震站東南方  14.5  公里",NA,1,NA,NA
"389","88136   ",1999-09-27 07:55:00,121.35,23.71,10.7,5.2,"花蓮西林地震站西南方  14.8  公里",NA,1,NA,NA
"390","88145   ",1999-09-30 09:04:00,121.09,24.25,7.6,5.1,"台中德基地震站西方  7.0  公里",NA,1,NA,NA
"391","88152   ",1999-10-01 08:54:00,120.91,23.69,5.2,5.1,"南投名間地震站東南方  29.7  公里",NA,1,NA,NA
"392","88157   ",1999-10-03 01:14:00,122.5,23.96,6.6,5.3,"花蓮市地震站東方  90.5  公里",NA,1,NA,NA
"393","88171   ",1999-10-08 12:34:00,121.05,24.54,1.9,4.8,"苗栗市地震站東方  22.9  公里",NA,1,NA,NA
"394","88196   ",1999-10-16 08:31:00,121.32,24,3,4.9,"花蓮西林地震站北偏西方  24.7  公里",NA,1,NA,NA
"395","88210   ",1999-10-22 11:10:00,120.43,23.53,16.7,6,"嘉義市地震站北方  4.1  公里",NA,1,NA,1
"396","88224   ",1999-10-23 01:57:00,120.43,23.53,16.7,4.9,"嘉義市地震站北方  3.6  公里",NA,1,NA,NA
"397","88243   ",1999-10-30 03:02:00,121.34,24.03,8.9,4.7,"花蓮西林地震站北偏西方  25.9  公里",NA,1,NA,NA
"398","88245   ",1999-10-30 04:27:00,121.32,24.02,14.4,5.2,"花蓮西林地震站北偏西方  26.0  公里",NA,1,NA,NA
"399","88247   ",1999-10-30 09:01:00,121.35,24.03,16.1,4.9,"花蓮西林地震站北偏西方  25.7  公里",NA,1,NA,NA
"400","88273   ",1999-11-17 03:35:00,120.64,24.02,9.6,5.3,"彰化市地震站東南方  11.1  公里",NA,1,NA,NA
"401","88291   ",1999-12-07 02:14:00,122.01,24.86,100.2,4.8,"宜蘭市地震站東偏北方  27.5  公里",NA,1,NA,NA
"402","88294   ",1999-12-09 12:01:00,121.69,24.56,40.2,4.5,"宜蘭牛鬥地震站東偏南方  13.9  公里",NA,1,NA,1
"403","89012   ",2000-01-17 04:22:00,120.96,24.41,5.8,4.7,"苗栗三義地震站東方  19.2  公里",NA,1,NA,1
"404","89026   ",2000-02-16 05:33:00,120.74,23.32,14.7,5.6,"嘉義大埔地震站東偏北方  14.5  公里",NA,1,NA,NA
"405","89031   ",2000-02-25 02:12:00,124.45,25.02,93.8,6.2,"宜蘭蘇澳地震站東方  265.6  公里",NA,1,NA,NA
"406","89055   ",2000-04-19 10:04:00,121.03,24.28,12.8,5.2,"台中德基地震站西偏北方  13.5  公里",NA,1,NA,1
"407","89065   ",2000-05-06 09:41:00,121.56,24.02,27,5.1,"花蓮市地震站西北方  7.6  公里",NA,1,NA,NA
"408","89071   ",2000-05-17 11:25:00,121.1,24.19,9.7,5.6,"台中德基地震站西南方  9.0  公里",NA,1,NA,1
"409","89072   ",2000-05-17 11:27:00,121.09,24.19,9.2,5,"台中德基地震站西南方  9.6  公里",NA,1,NA,NA
"410","89079   ",2000-05-18 11:18:00,121.04,24.2,12.7,5.1,"台中德基地震站西偏南  13.8  公里",NA,1,NA,NA
"411","89090   ",2000-06-06 09:49:00,121.86,24.49,21.6,4.8,"宜蘭南澳地震站東偏北方  13.4  公里",NA,1,NA,NA
"412","89112   ",2000-06-19 06:44:00,121.12,23.97,23.7,4.8,"台中德基地震站南方  31.7  公里",NA,1,NA,NA
"413","89123   ",2000-07-10 02:23:00,121.86,24.47,19.3,4.7,"宜蘭南澳地震站東偏北方  11.7  公里",NA,1,NA,NA
"414","89130   ",2000-07-14 08:07:00,121.73,24.05,7.2,5.7,"花蓮秀林地震站東偏南方  13.1  公里",NA,1,NA,NA
"415","89133   ",2000-07-14 10:45:00,121.8,24.64,74.9,4.6,"宜蘭蘇澳地震站西偏北方  7.1  公里",NA,1,NA,1
"416","89138   ",2000-07-25 06:10:00,122.48,24.71,110.1,5.7,"宜蘭蘇澳地震站東方  63.7  公里",NA,1,NA,NA
"417","89169   ",2000-08-23 08:49:00,121.63,23.64,27.5,5.6,"花蓮西林地震站東南方  27.7  公里",NA,1,NA,NA
"418","89197   ",2000-09-17 07:04:00,122.5,23.92,15.1,5.3,"花蓮市地震站東方  90.0  公里",NA,1,NA,NA
"419","89237   ",2000-10-30 12:08:00,121.11,24.96,16.2,4.2,"桃園中壢地震站西方  8.7  公里",NA,1,NA,NA
"420","89238   ",2000-10-30 12:10:00,121.12,24.95,16,4.1,"桃園中壢地震站西偏南  7.8  公里",NA,1,NA,1
"421","89260   ",2000-12-13 04:32:00,122.68,23.97,19.4,5.3,"宜蘭南澳地震站東偏南方  107.0  公里",NA,1,NA,NA
"422","89265   ",2000-12-28 05:01:00,122.04,23.44,9.2,5.3,"花蓮市地震站東南方  73.7  公里",NA,1,NA,NA
"423","90001   ",2001-01-03 06:54:00,121.77,24.35,8.5,4.7,"宜蘭南澳地震站南偏東方  8.4  公里",NA,1,NA,NA
"424","90003   ",2001-01-10 03:16:00,121.78,23.96,34.7,4.9,"花蓮市地震站東方  17.0  公里",NA,1,NA,1
"425","90042   ",2001-04-24 04:26:00,122.18,24.78,82.8,4.8,"宜蘭蘇澳地震站東偏北方  38.0  公里",NA,1,NA,NA
"426","90051   ",2001-05-14 07:38:00,121.86,24.45,18.8,4.3,"宜蘭南澳地震站東偏北方  12.1  公里",NA,1,NA,NA
"427","90065   ",2001-06-19 01:16:00,121.08,23.18,6.6,5.4,"台東利稻地震站東偏南方  5.4  公里",NA,1,NA,NA
"428","90067   ",2001-06-19 01:43:00,121.1,23.2,11.7,5.2,"台東利稻地震站東方  7.5  公里",NA,1,NA,NA
"429","90075   ",2001-07-09 01:20:00,121.77,24.01,43.4,5.1,"花蓮市地震站東偏北方  16.3  公里",NA,1,NA,NA
"430","90076   ",2001-07-13 07:33:00,120.99,24.43,5.3,4.6,"苗栗市地震站東南方  22.7  公里",NA,1,NA,NA
"431","90082   ",2001-07-26 10:19:00,121.51,24.06,21.9,4.6,"花蓮秀林地震站西方  9.4  公里",NA,1,NA,NA
"432","90131   ",2001-12-16 09:04:00,122.38,24.52,68.7,5.1,"宜蘭蘇澳地震站東方  54.0  公里",NA,1,NA,NA
"433","90133   ",2001-12-23 05:40:00,122.91,24.12,8.7,5.4,"宜蘭蘇澳地震站東偏南方  119.7  公里",NA,1,NA,NA
"434","91006   ",2002-01-15 10:58:00,121.96,24.88,90.6,4.7,"宜蘭市地震站東偏北方  24.4  公里",NA,1,NA,NA
"435","91020   ",2002-03-04 05:04:00,121.44,23.77,14.9,4.6,"花蓮西林地震站南方  4.8  公里",NA,1,NA,NA
"436","91025   ",2002-03-27 12:25:00,121.72,24.76,48.6,4.6,"宜蘭市地震站西方  3.8  公里",NA,1,NA,NA
"437","91027   ",2002-03-31 04:02:00,121.92,24.42,19.4,4.5,"宜蘭南澳地震站東方  17.6  公里",NA,1,NA,NA
"438","91031   ",2002-04-01 01:09:00,121.87,24.39,14.3,4.6,"宜蘭南澳地震站東偏南方  13.2  公里",NA,1,NA,NA
"439","91034   ",2002-04-03 02:47:00,122.32,24.14,13.4,5.1,"宜蘭南澳地震站東偏南方  66.5  公里",NA,1,NA,1
"440","91035   ",2002-04-04 02:06:00,121.87,24.32,12.9,5.3,"宜蘭南澳地震站東南方  16.7  公里",NA,1,NA,1
"441","91044   ",2002-04-08 07:20:00,121.85,24.28,12.5,4.7,"宜蘭南澳地震站南偏東方  19.4  公里",NA,1,NA,NA
"442","91048   ",2002-04-11 03:26:00,121.95,24.58,11,3.9,"宜蘭蘇澳地震站東偏南方  9.4  公里",NA,1,NA,NA
"443","91060   ",2002-04-22 11:14:00,122.02,24.34,12,4.9,"宜蘭南澳地震站東偏南方  29.1  公里",NA,1,NA,NA
"444","91062   ",2002-04-28 09:23:00,122.87,24.13,9.2,5.5,"宜蘭蘇澳地震站東偏南方  115.5  公里",NA,1,NA,NA
"445","91072   ",2002-05-15 11:53:00,121.9,24.64,2.4,4.5,"宜蘭蘇澳地震站東北方  5.0  公里",NA,1,NA,NA
"446","91073   ",2002-05-15 11:59:00,121.95,24.67,6,4.6,"宜蘭蘇澳地震站東北方  11.0  公里",NA,1,NA,1
"447","91078   ",2002-05-15 12:30:00,121.81,24.67,4.7,4.6,"宜蘭蘇澳地震站西北方  8.8  公里",NA,1,NA,NA
"448","91079   ",2002-05-15 12:42:00,121.84,24.66,10.1,4.6,"宜蘭蘇澳地震站北偏西方  5.7  公里",NA,1,NA,1
"449","91082   ",2002-05-15 08:08:00,121.88,24.66,8,4.1,"宜蘭蘇澳地震站北偏東方  6.3  公里",NA,1,NA,NA
"450","91089   ",2002-05-20 05:49:00,121.85,24.44,16.3,4.7,"宜蘭南澳地震站東方  10.7  公里",NA,1,NA,NA
"451","91102   ",2002-06-14 04:40:00,122.13,24.78,8.1,5,"宜蘭蘇澳地震站東偏北方  33.3  公里",NA,1,NA,NA
"452","91114   ",2002-07-13 08:07:00,122.68,23.8,6.3,5.1,"花蓮市地震站東方  110.5  公里",NA,1,NA,NA
"453","91118   ",2002-08-10 05:03:00,121.7,24.13,11,4.9,"花蓮秀林地震站東偏北方  10.9  公里",NA,1,NA,NA
"454","91126   ",2002-08-26 11:32:00,122.51,24.16,35,5.2,"宜蘭南澳地震站東偏南方  82.4  公里",NA,1,NA,NA
"455","91127   ",2002-08-29 01:05:00,121.37,22.26,12,6,"台東蘭嶼地震站西北方  31.4  公里",NA,1,NA,NA
"456","91128   ",2002-08-29 04:01:00,121.89,24.43,19,4.2,"宜蘭南澳地震站東方  14.3  公里",NA,1,NA,NA
"457","91133   ",2002-09-01 01:56:00,122.43,23.92,8.8,5.5,"花蓮市地震站東方  83.3  公里",NA,1,NA,1
"458","91141   ",2002-09-15 09:06:00,122.53,23.92,11,5.2,"花蓮市地震站東方  93.6  公里",NA,1,NA,1
"459","91149   ",2002-10-07 07:38:00,122.1,24.3,16.1,4.7,"宜蘭南澳地震站東偏南方  38.7  公里",NA,1,NA,1
"460","91176   ",2002-10-30 01:57:00,121.88,24.68,77.9,4.3,"宜蘭蘇澳地震站北偏東方  8.2  公里",NA,1,NA,NA
"461","92038   ",2003-04-23 02:47:00,121.89,24.46,12,4.1,"宜蘭南澳地震站東偏北方  14.5  公里",NA,1,NA,NA
"462","92059   ",2003-06-12 09:41:00,121.84,24.37,8.8,4.8,"宜蘭南澳地震站東偏南方  10.8  公里",NA,1,NA,NA
"463","92062   ",2003-06-17 02:33:00,121.65,23.54,28.3,5.4,"花蓮西林地震站東南方  36.9  公里",NA,1,NA,1
"464","92077   ",2003-07-13 11:06:00,121.9,24.46,18.8,4.7,"宜蘭南澳地震站東偏北方  15.5  公里",NA,1,NA,NA
"465","92114   ",2003-11-09 01:35:00,121.89,24.83,83.4,4.7,"宜蘭市地震站東偏北方  14.9  公里",NA,1,NA,1
"466","92117   ",2003-11-14 11:54:00,121.71,24.09,37.8,5,"花蓮秀林地震站東方  10.9  公里",NA,1,NA,NA
"467","93003   ",2004-01-06 08:55:00,121.67,24.54,57.9,4.2,"宜蘭牛鬥地震站東南方  14.7  公里",NA,1,NA,NA
"468","93012   ",2004-02-04 01:23:00,122.15,23.38,17.4,5.6,"台東成功地震站東偏北方  85.5  公里",NA,1,NA,2
"469","93021   ",2004-02-26 12:33:00,123.3,23.96,33,5.9,"宜蘭蘇澳地震站東偏南方  163.3  公里",NA,1,NA,NA
"470","93055   ",2004-05-15 01:07:00,121.9,24.86,91.6,5.1,"宜蘭市地震站東北方  18.1  公里",NA,1,NA,2
"471","93056   ",2004-05-16 02:04:00,121.98,23.05,12.9,5.7,"台東成功地震站東方  62.4  公里",NA,1,NA,NA
"472","93057   ",2004-05-19 03:04:00,121.37,22.71,27.1,6,"台東市地震站東方  22.5  公里",NA,1,NA,NA
"473","93083   ",2004-08-30 01:22:00,121.91,24.4,24.7,4.3,"宜蘭南澳地震站東方  16.3  公里",NA,1,NA,NA
"474","93084   ",2004-08-31 07:22:00,121.86,24.6,78.1,4.7,"宜蘭蘇澳地震站南偏西方  .4  公里",NA,1,NA,1
"475","93104   ",2004-11-10 10:48:00,122.42,23.97,14.9,5.2,"花蓮市地震站東方  81.8  公里",NA,1,NA,1
"476","94008   ",2005-01-21 10:28:00,122.53,24.56,92.1,5.9,"宜蘭蘇澳地震站東方  68.3  公里",NA,1,NA,1
"477","94010   ",2005-01-22 02:56:00,122.23,24.11,20.8,4.8,"宜蘭南澳地震站東偏南方  60.6  公里",NA,1,NA,NA
"478","94012   ",2005-01-27 08:31:00,121.75,24.22,45.6,4.8,"花蓮秀林地震站東北方  21.6  公里",NA,1,NA,1
"479","94014   ",2005-02-01 09:59:00,121.78,24.26,5.7,5.1,"宜蘭南澳地震站南方  19.1  公里",NA,1,NA,1
"480","94027   ",2005-02-22 02:33:00,121.79,24.79,82.9,4.2,"宜蘭市地震站東北方  4.6  公里",NA,1,NA,NA
"481","94036   ",2005-03-06 03:27:00,121.8,24.66,10.7,4.8,"宜蘭蘇澳地震站西北方  8.2  公里",NA,1,NA,1
"482","94040   ",2005-03-06 01:02:00,121.96,24.79,9.3,4.4,"宜蘭市地震站東方  20.6  公里",NA,1,NA,NA
"483","94041   ",2005-03-08 03:26:00,121.82,24.65,8.2,4.3,"宜蘭蘇澳地震站西北方  5.9  公里",NA,1,NA,NA
"484","94046   ",2005-03-20 07:26:00,122.25,24.2,19.5,5.2,"宜蘭南澳地震站東偏南方  56.6  公里",NA,1,NA,NA
"485","94048   ",2005-03-23 12:47:00,121.61,24.41,71.1,4.3,"宜蘭南澳地震站西方  13.8  公里",NA,1,NA,NA
"486","94090   ",2005-05-18 02:06:00,121.96,24.9,118.7,5.1,"宜蘭市地震站東偏北方  25.1  公里",NA,1,NA,2
"487","94104   ",2005-06-08 02:45:00,121.74,23.99,2.1,5.2,"花蓮市地震站東方  12.9  公里",NA,1,NA,NA
"488","94123   ",2005-07-20 09:06:00,122.25,24.75,7.6,5.2,"宜蘭蘇澳地震站東偏北方  43.0  公里",NA,1,NA,1
"489","94124   ",2005-07-26 09:37:00,121.6,24.16,56.7,5.2,"花蓮秀林地震站北方  9.2  公里",NA,1,NA,1
"490","94126   ",2005-07-31 10:45:00,121.68,24.19,34.4,4.8,"花蓮秀林地震站東北方  14.3  公里",NA,1,NA,1
"491","94141   ",2005-10-01 03:50:00,121.93,24.45,20.1,4.5,"宜蘭蘇澳地震站南偏東方  18.5  公里",NA,1,NA,NA
"492","95005   ",2006-01-23 12:18:00,122.29,24.01,17.6,4.9,"花蓮市地震站東方  69.4  公里",NA,1,1,NA
"493","95013   ",2006-02-24 09:55:00,122.23,24.78,12.6,5.2,"宜蘭蘇澳地震站東偏北方  41.8  公里",NA,1,1,1
"494","95018   ",2006-03-13 01:55:00,122.08,24.33,27.6,4.6,"宜蘭南澳地震站東偏南方  35.1  公里",NA,1,1,NA
"495","95020   ",2006-03-26 09:53:00,121.97,24.84,5.3,4.4,"宜蘭市地震站東偏北方  23.4  公里",NA,1,1,NA
"496","95022   ",2006-03-29 03:21:00,121.8,24.62,70.5,4.7,"宜蘭蘇澳地震站西方  6.0  公里",NA,1,2,1
"497","95034   ",2006-04-05 03:30:00,122.76,24.49,99.5,5.8,"宜蘭蘇澳地震站東方  92.0  公里",NA,1,2,1
"498","95041   ",2006-04-24 11:00:00,121.58,25.14,7.3,3.1,"台北市地震站北偏東方  13.0  公里",NA,1,1,NA
"499","95043   ",2006-04-28 05:05:00,121.61,23.99,9.8,5.2,"花蓮市地震站北偏西方  1.2  公里",NA,1,1,1
"500","95080   ",2006-09-15 04:47:00,121.99,24.93,113,4.8,"宜蘭市地震站東北方  30.3  公里",NA,1,1,NA
"501","95084   ",2006-09-30 02:49:00,122.45,24.5,88.4,4.9,"宜蘭蘇澳地震站東方  61.1  公里",NA,1,1,NA
"502","95099   ",2006-12-14 07:10:00,122.07,24.88,6.8,4.8,"宜蘭市地震站東偏北方  34.0  公里",NA,1,1,1
"503","96002   ",2007-01-16 11:10:00,122.5,23.92,20.9,5.4,"花蓮市地震站東方  90.3  公里",NA,1,1,NA
"504","96009   ",2007-02-12 01:40:00,121.87,24.39,12,4.1,"宜蘭南澳地震站東偏南方  12.9  公里",NA,1,NA,NA
"505","96015   ",2007-03-08 06:57:00,122.43,24.03,20.2,5,"宜蘭南澳地震站東偏南方  81.8  公里",NA,1,1,NA
"506","96025   ",2007-03-31 10:45:00,121.91,24.86,95.3,4.6,"宜蘭市地震站東偏北方  19.0  公里",NA,1,2,NA
"507","96032   ",2007-05-13 01:50:00,121.67,24.55,44.3,4.6,"宜蘭牛鬥地震站東南方  13.8  公里",NA,1,2,NA
"508","96047   ",2007-07-23 09:40:00,121.64,23.72,38.6,5.8,"花蓮西林地震站東偏南方  22.5  公里",NA,1,2,NA
"509","96050   ",2007-08-09 08:55:00,121.08,22.65,5.5,5.7,"台東市地震站西南方  13.5  公里",NA,1,NA,NA
"510","96059   ",2007-09-07 01:55:00,122.32,24.27,57.8,5.5,"宜蘭蘇澳地震站東南方  59.8  公里",NA,1,2,1
"511","96062   ",2007-09-22 02:27:00,121.87,24.46,22.5,4.8,"宜蘭南澳地震站東偏北方  12.7  公里",NA,1,2,1
"512","96076   ",2007-11-12 06:24:00,121.86,24.47,22.6,4.4,"宜蘭南澳地震站東偏北方  11.9  公里",NA,1,1,NA
"513","96079   ",2007-11-20 05:02:00,121.76,24.79,72,4.3,"宜蘭市地震站北偏東方  2.6  公里",NA,1,NA,NA
"514","96082   ",2007-11-29 05:05:00,121.98,24.78,69.1,5.4,"宜蘭市地震站東方  22.3  公里",NA,1,2,1
"515","97016   ",2008-03-01 02:58:00,122.53,24,26.1,5.1,"宜蘭南澳地震站東偏南方  91.9  公里",NA,1,1,NA
"516","97027   ",2008-04-23 02:24:00,121.83,24.21,15.6,4.8,"宜蘭南澳地震站南偏東方  25.3  公里",NA,1,NA,NA
"517","97028   ",2008-04-24 02:28:00,121.68,22.87,11.1,5.6,"台東成功地震站東南方  40.1  公里",NA,1,1,NA
"518","97036   ",2008-05-03 09:17:00,121.89,24.44,20.5,4.5,"宜蘭南澳地震站東方  14.2  公里",NA,1,2,NA
"519","97060   ",2008-08-02 02:55:00,121.53,24.05,21.1,5.1,"花蓮秀林地震站西偏南  8.9  公里",NA,1,1,NA
"520","97094   ",2008-12-02 11:16:00,121.49,23.34,31.7,5.7,"花蓮玉里地震站東方  18.5  公里",NA,1,1,1
"521","97096   ",2008-12-08 05:18:00,122.2,23.85,35.1,5.9,"花蓮市地震站東偏南方  60.9  公里",NA,1,2,1
"522","97097   ",2008-12-18 03:17:00,121.97,24.83,16.1,4.4,"宜蘭市地震站東偏北方  23.0  公里",NA,1,1,1
"523","97098   ",2008-12-19 01:57:00,121.98,24.86,12.5,4.4,"宜蘭市地震站東偏北方  24.8  公里",NA,1,1,NA
"524","97102   ",2008-12-30 09:31:00,122.34,24.7,95.4,5.1,"宜蘭蘇澳地震站東方  49.9  公里",NA,1,1,1
"525","98027   ",2009-04-17 08:37:00,121.68,23.92,43.4,5.3,"花蓮市地震站東南方  9.5  公里",NA,1,2,NA
"526","98032   ",2009-05-19 01:08:00,122.02,24.79,78.7,4.7,"宜蘭蘇澳地震站東北方  26.2  公里",NA,1,1,NA
"527","98038   ",2009-06-12 11:59:00,121.95,24.81,94.5,4.2,"宜蘭市地震站東偏北方  19.7  公里",NA,1,1,NA
"528","98052   ",2009-06-28 05:34:00,121.75,24.18,12.9,5.3,"花蓮秀林地震站東北方  18.8  公里",NA,1,1,NA
"529","98053   ",2009-06-28 05:52:00,121.77,24.18,14,4.8,"花蓮秀林地震站東偏北方  20.1  公里",NA,1,NA,NA
"530","98073   ",2009-07-14 04:28:00,122.19,24.08,16.9,5.2,"宜蘭南澳地震站東南方  58.5  公里",NA,1,1,NA
"531","98077   ",2009-07-16 06:48:00,122.29,24.02,21.4,5.4,"花蓮市地震站東方  69.1  公里",NA,1,NA,1
"532","98091   ",2009-07-29 09:09:00,121.78,24.25,14.4,4.7,"宜蘭南澳地震站南方  19.3  公里",NA,1,1,NA
"533","98117   ",2009-10-04 10:02:00,122.03,24.66,65,4.9,"宜蘭蘇澳地震站東偏北方  18.0  公里",NA,1,NA,1
"534","98123   ",2009-10-23 04:46:00,121.78,24.28,20.2,4.9,"宜蘭南澳地震站南方  16.6  公里",NA,1,1,NA
"535","98127   ",2009-11-05 07:34:00,120.76,23.77,24,5.7,"南投名間地震站南偏東方  13.6  公里",NA,1,2,1
"536","98137   ",2009-11-15 10:47:00,122.17,24.95,125.4,5.5,"基隆市地震站東偏南方  46.3  公里",NA,1,2,1
"537","98138   ",2009-11-22 01:27:00,121.76,24.22,66.9,5,"花蓮秀林地震站東北方  22.4  公里",NA,1,1,NA
"538","98151   ",2009-12-25 09:00:00,121.82,24.41,14,4.4,"宜蘭南澳地震站東偏南方  7.8  公里",NA,1,2,NA
"539","99013   ",2010-02-22 01:21:00,122.97,24.05,35.6,5.6,"宜蘭蘇澳地震站東偏南方  128.5  公里",NA,1,1,NA
"540","99014   ",2010-02-26 09:07:00,122.87,23.69,52.1,5.8,"花蓮市地震站東偏南方  131.9  公里",NA,1,2,1
"541","99022   ",2010-03-04 04:16:00,120.63,22.96,19,5.7,"高雄甲仙地震站南偏東方  14.3  公里",NA,1,1,NA
"542","99033   ",2010-03-27 07:07:00,121.68,24.1,58.9,5.2,"花蓮秀林地震站東偏北方  8.0  公里",NA,1,1,NA
"543","99035   ",2010-04-09 01:53:00,121.79,24.77,80.9,4.3,"宜蘭市地震站東偏北方  4.0  公里",NA,1,2,1
"544","99036   ",2010-04-09 07:49:00,122,24.87,103.8,5.1,"宜蘭市地震站東偏北方  27.6  公里",NA,1,2,NA
"545","99041   ",2010-04-23 09:49:00,122.33,24.6,85,5,"宜蘭蘇澳地震站東方  47.6  公里",NA,1,1,NA
"546","99044   ",2010-04-28 07:46:00,121.69,25.24,3.4,3.5,"基隆市地震站西北方  12.9  公里",NA,1,1,NA
"547","99053   ",2010-06-14 05:11:00,121.35,24.6,8.8,4.3,"桃園三光地震站南偏西方  8.1  公里",NA,1,1,NA
"548","99055   ",2010-06-15 08:31:00,121.62,24.04,16.7,5.5,"花蓮秀林地震站南偏東方  4.5  公里",NA,1,1,1
"549","99072   ",2010-07-18 09:03:00,122.44,24,24.3,5.2,"花蓮市地震站東方  84.5  公里",NA,1,2,1
"550","99085   ",2010-08-22 02:39:00,121.92,24.81,9.7,4.7,"宜蘭市地震站東偏北方  17.2  公里",NA,1,2,1
"551","99095   ",2010-09-09 09:30:00,121.92,24.47,29.5,4.5,"宜蘭蘇澳地震站南偏東方  16.4  公里",NA,1,1,NA
"552","99098   ",2010-09-19 01:24:00,121.96,24.33,35.2,4.5,"宜蘭南澳地震站東偏南方  23.7  公里",NA,1,1,NA
"553","99103   ",2010-09-29 01:33:00,121.7,24.13,9,5,"花蓮秀林地震站東偏北方  10.6  公里",NA,1,1,1
"554","99108   ",2010-10-01 03:56:00,121.82,24.83,96.6,4.9,"宜蘭市地震站東北方  9.6  公里",NA,1,2,1
"555","99115   ",2010-10-12 02:43:00,122.07,24.9,119.3,4.5,"宜蘭市地震站東偏北方  35.1  公里",NA,1,1,NA
"556","99116   ",2010-10-12 04:28:00,121.88,24.79,9.5,4,"宜蘭市地震站東偏北方  12.8  公里",NA,1,1,NA
"557","99134   ",2010-11-12 09:08:00,122.48,24.1,26.1,5.3,"宜蘭南澳地震站東偏南方  82.5  公里",NA,1,1,NA
"558","100164   ",2011-12-04 06:13:00,122.05,24.66,62.8,4.9,"宜蘭縣政府東偏南方  29.9  公里 (位於台灣東部海域)",NA,2,NA,1
"559","103024   ",2014-02-12 12:31:00,121.57,25.13,6.4,4.2,"臺北市政府北方  10.5  公里 (位於臺北市士林區)",NA,2,NA,1
"560","103034   ",2014-02-22 04:27:00,121.6,24.67,62.5,4.3,"宜蘭縣政府西偏南方  17.9  公里 (位於宜蘭縣三星鄉)",NA,2,NA,NA
"561","103153   ",2014-12-31 11:06:00,121.79,24.82,68.9,5.1,"宜蘭縣政府北偏東方  10.7  公里 (位於宜蘭縣礁溪鄉)",NA,2,2,1
"562","84013   ",1995-04-03 07:54:00,122.43,23.94,14.6,5.9,"花蓮市地震站東方  83.4  公里",NA,2,NA,NA
"563","84019   ",1995-04-24 06:04:00,121.62,24.65,63.1,5.3,"宜蘭牛鬥地震站東偏北方  5.2  公里",NA,2,NA,2
"564","84025   ",1995-05-03 06:48:00,121.97,23.83,23.9,5.2,"花蓮市地震站東偏南方  39.8  公里",NA,2,NA,1
"565","84041   ",1995-07-15 12:52:00,121.85,24.32,8.8,5.8,"宜蘭南澳地震站東南方  15.6  公里",NA,2,NA,1
"566","84046   ",1995-08-20 05:25:00,121.58,24.69,56.9,4.9,"宜蘭牛鬥地震站北方  6.1  公里",NA,2,NA,2
"567","84068   ",1995-12-19 12:17:00,121.69,24.02,22.1,5.8,"花蓮市地震站東偏北方  9.3  公里",NA,2,NA,1
"568","85004   ",1996-01-23 03:22:00,121.72,24.93,66.9,5.1,"宜蘭市地震站北方  18.6  公里",NA,2,NA,2
"569","85009   ",1996-03-06 01:32:00,122.3,23.9,10.8,6,"花蓮市地震站東方  70.7  公里",NA,2,NA,NA
"570","85011   ",1996-03-29 11:28:00,122.33,23.97,5.8,5.6,"花蓮市地震站東方  73.0  公里",NA,2,NA,1
"571","85022   ",1996-07-27 08:26:00,122.03,24.33,7.2,4.8,"宜蘭南澳地震站東偏南方  30.4  公里",NA,2,NA,NA
"572","85026   ",1996-08-10 02:23:00,122.65,23.89,5.7,5.8,"花蓮市地震站東方  106.0  公里",NA,2,NA,NA
"573","85036   ",1996-11-26 04:22:00,121.7,24.16,26.2,5.4,"花蓮秀林地震站東北方  13.0  公里",NA,2,NA,2
"574","86002   ",1997-01-05 06:34:00,122.53,24.62,1.1,5.8,"宜蘭蘇澳地震站東方  67.9  公里",NA,2,NA,2
"575","86006   ",1997-01-19 01:13:00,122.44,23.93,15.1,5.4,"花蓮市地震站東方  84.3  公里",NA,2,NA,1
"576","86009   ",1997-02-03 01:45:00,121.72,24.69,8.7,3.6,"宜蘭市地震站南偏西方  8.4  公里",NA,2,NA,1
"577","86018   ",1997-03-25 07:32:00,121.72,24.16,29.1,4.8,"花蓮秀林地震站東北方  14.2  公里",NA,2,NA,1
"578","86019   ",1997-04-03 06:36:00,121.74,24.69,12,4.3,"宜蘭市地震站南方  8.5  公里",NA,2,NA,1
"579","86021   ",1997-04-14 01:45:00,121.71,23.81,45.5,5.6,"花蓮市地震站南偏東方  21.5  公里",NA,2,NA,1
"580","86022   ",1997-04-28 07:59:00,121.96,24.61,60.6,5.2,"宜蘭蘇澳地震站東方  10.4  公里",NA,2,NA,2
"581","86026   ",1997-05-15 06:43:00,121.93,24.79,93,4.9,"宜蘭市地震站東方  18.3  公里",NA,2,NA,2
"582","86037   ",1997-07-15 07:05:00,122.52,24.62,86.6,6.1,"宜蘭蘇澳地震站東方  66.5  公里",NA,2,NA,NA
"583","88009   ",1999-02-22 09:48:00,122.65,23.98,4.2,5.9,"宜蘭南澳地震站東偏南方  104.7  公里",NA,2,NA,2
"584","88013   ",1999-04-04 02:59:00,121.94,24.88,89,5.8,"宜蘭市地震站東偏北方  22.5  公里",NA,2,NA,1
"585","88019   ",1999-05-07 09:03:00,121.89,24.74,4.2,5.4,"宜蘭市地震站東方  14.0  公里",NA,2,NA,2
"586","88026   ",1999-06-04 02:11:00,122.49,24.4,61.7,6.2,"宜蘭蘇澳地震站東偏南方  67.5  公里",NA,2,NA,2
"587","88032   ",1999-07-12 04:25:00,121.84,24.61,73.2,5.1,"宜蘭蘇澳地震站西方  1.7  公里",NA,2,NA,2
"588","88045   ",1999-09-21 01:58:00,121.06,23.91,7,5.7,"南投名間地震站東方  37.8  公里",NA,2,NA,NA
"589","88046   ",1999-09-21 02:02:00,121.13,24.23,7.1,5.4,"台中德基地震站西偏南  3.4  公里",NA,2,NA,NA
"590","88059   ",1999-09-21 04:02:00,120.78,23.97,5.3,5.4,"南投名間地震站東北方  14.1  公里",NA,2,NA,NA
"591","88087   ",1999-09-22 01:38:00,121.31,23.84,17.7,5.2,"花蓮西林地震站西方  13.5  公里",NA,2,NA,NA
"592","88094   ",1999-09-22 08:49:00,121.03,23.76,17.4,6.2,"南投日月潭地震站東南方  18.0  公里",NA,2,NA,NA
"593","88120   ",1999-09-25 12:19:00,121.24,24.25,3.6,5.1,"台中德基地震站東方  7.6  公里",NA,2,NA,NA
"594","88122   ",1999-09-25 04:43:00,120.95,23.69,7.1,5.1,"南投名間地震站東南方  33.6  公里",NA,2,NA,NA
"595","88148   ",1999-09-30 05:49:00,122,24.7,70.6,5.5,"宜蘭蘇澳地震站東北方  17.4  公里",NA,2,NA,NA
"596","88193   ",1999-10-13 09:39:00,121.34,23.96,1.9,5,"花蓮西林地震站西北方  19.1  公里",NA,2,NA,1
"597","88198   ",1999-10-18 11:31:00,121.33,23.95,4.3,5.1,"花蓮西林地震站西北方  19.2  公里",NA,2,NA,1
"598","88199   ",1999-10-19 12:00:00,121.04,23.7,23.8,5.2,"南投名間地震站東偏南方  39.8  公里",NA,2,NA,1
"599","88207   ",1999-10-22 10:18:00,120.42,23.52,16.6,6.4,"嘉義市地震站北偏西方  2.6  公里",NA,2,NA,2
"600","89114   ",2000-06-20 05:56:00,121.09,23.92,27,5.2,"台中德基地震站南偏西方  37.1  公里",NA,2,NA,NA
"601","89140   ",2000-07-29 04:28:00,120.93,23.41,7.4,6.1,"嘉義阿里山地震站東南方  16.3  公里",NA,2,NA,NA
"602","90024   ",2001-02-17 07:13:00,122.76,24.46,60.6,6,"宜蘭蘇澳地震站東方  92.7  公里",NA,2,NA,3
"603","90135   ",2001-12-28 08:41:00,122.9,23.99,9.5,5.5,"宜蘭蘇澳地震站東偏南方  125.9  公里",NA,2,NA,NA
"604","91008   ",2002-02-12 11:27:00,121.72,23.74,30,6.2,"花蓮市地震站南偏東方  28.3  公里",NA,2,NA,2
"605","91095   ",2002-05-30 02:53:00,121.95,24.87,87,5.6,"宜蘭市地震站東偏北方  23.0  公里",NA,2,NA,3
"606","91121   ",2002-08-15 07:28:00,121.95,24.42,22.1,4.6,"宜蘭南澳地震站東方  20.0  公里",NA,2,NA,1
"607","91134   ",2002-09-01 03:07:00,122.37,23.97,15.6,5.5,"花蓮市地震站東方  77.4  公里",NA,2,NA,1
"608","91139   ",2002-09-10 04:38:00,122.01,24.87,103.5,5.4,"宜蘭縣政府東偏北方  29.3  公里 (位於臺灣東部海域)",NA,2,NA,1
"609","97073   ",2008-09-09 03:43:00,122.63,24.61,103.8,5.9,"宜蘭蘇澳地震站東方  78.4  公里",NA,2,2,2
"610","98125   ",2009-11-05 05:32:00,120.72,23.79,24.1,6.2,"南投名間地震站南偏東方  10.1  公里",NA,2,2,2
"611","98139   ",2009-11-23 05:46:00,121.76,24.49,65.1,4.8,"宜蘭南澳地震站北方  7.8  公里",NA,2,2,1
"612","99086   ",2010-08-22 02:48:00,121.92,24.81,5.7,4.8,"宜蘭市地震站東偏北方  17.3  公里",NA,2,2,2
"613","84007   ",1995-02-23 01:19:00,121.69,24.2,21.7,5.8,"花蓮秀林地震站東北方  16.0  公里",NA,3,NA,2
"614","84012   ",1995-03-24 12:13:00,121.86,24.64,76,5.6,"宜蘭蘇澳地震站北方  3.3  公里",NA,3,NA,2
"615","84065   ",1995-12-01 11:17:00,121.64,24.61,45.1,5.7,"宜蘭牛鬥地震站東偏南方  7.8  公里",NA,3,NA,2
"616","85023   ",1996-07-30 04:20:00,122.35,24.49,65.7,6.1,"宜蘭蘇澳地震站東偏南方  51.1  公里",NA,3,NA,NA
"617","88044   ",1999-09-21 01:57:00,121.04,23.91,7.7,6.4,"南投日月潭地震站東偏北方  14.3  公里",NA,3,NA,NA
"618","88047   ",1999-09-21 02:03:00,120.86,23.8,9.8,6.6,"南投日月潭地震站南偏西方  10.6  公里",NA,3,NA,NA
"619","88048   ",1999-09-21 02:16:00,121.04,23.86,12.5,6.7,"南投日月潭地震站東方  13.7  公里",NA,3,NA,NA
"620","88064   ",1999-09-21 05:46:00,120.86,23.58,8.6,6.6,"嘉義阿里山地震站北偏東方  9.6  公里",NA,3,NA,2
"621","88092   ",1999-09-22 08:14:00,121.05,23.83,15.6,6.8,"南投日月潭地震站東偏南方  15.4  公里",NA,3,NA,NA
"622","88250   ",1999-11-02 01:53:00,121.73,23.36,31.3,6.9,"花蓮玉里地震站東方  43.0  公里",NA,3,NA,3
"623","89091   ",2000-06-11 02:23:00,121.11,23.9,16.2,6.7,"南投日月潭地震站東方  20.6  公里",NA,3,NA,NA
"624","91142   ",2002-09-16 08:03:00,122.39,25.1,175.7,6.8,"基隆市地震站東方  62.2  公里",NA,3,NA,3
"625","92090   ",2003-08-12 12:30:00,121.56,24.59,58.5,5.4,"宜蘭牛鬥地震站南偏西方  5.2  公里",NA,3,NA,3
"626","100002   ",2011-01-10 08:37:00,121.83,24.4,13.2,3.7,"宜蘭縣政府南方  37.3  公里外海",NA,NA,1,NA
"627","100011   ",2011-02-05 08:46:00,122.06,24.63,67.5,4.5,"宜蘭縣政府東偏南方  32.4  公里外海",NA,NA,1,NA
"628","100021   ",2011-03-05 09:01:00,121.88,24.89,113.8,4.3,"宜蘭縣政府東北方  21.2  公里外海",NA,NA,1,NA
"629","100028   ",2011-03-19 05:56:00,121.94,24.48,18.4,4.3,"宜蘭縣政府東南方  32.4  公里外海",NA,NA,1,NA
"630","100043   ",2011-04-11 08:13:00,121.44,24.79,7.5,3.3,"新北市政府南方  24.4  公里",NA,NA,1,NA
"631","100074   ",2011-06-16 11:32:00,121.81,24.8,12.2,4.1,"宜蘭縣政府東北方  9.1  公里 (位於宜蘭縣壯圍鄉)",NA,NA,1,NA
"632","100086   ",2011-07-03 01:19:00,121.9,24.67,68.5,4.3,"宜蘭縣政府東偏南方  15.4  公里 (位於宜蘭縣近海)",NA,NA,1,NA
"633","100104   ",2011-07-16 09:16:00,121.23,24.79,12,3.8,"新竹縣政府東方  22.5  公里 (位於新竹縣關西鎮)",NA,NA,1,NA
"634","100108   ",2011-07-18 10:48:00,122.37,23.59,29.8,5.1,"花蓮縣政府東偏南方  88.2  公里 (位於台灣東部海域)",NA,NA,1,NA
"635","100138   ",2011-10-01 04:55:00,121.67,24.76,59,4,"宜蘭縣政府西偏北方  10.1  公里 (位於宜蘭縣員山鄉)",NA,NA,1,NA
"636","100142   ",2011-10-12 10:14:00,121.34,24.71,9.4,3.8,"桃園縣政府南方  31.7  公里 (位於桃園縣復興鄉)",NA,NA,1,NA
"637","100144   ",2011-10-24 01:38:00,121.81,24.89,90.2,4.1,"宜蘭縣政府北偏東方  18.1  公里 (位於宜蘭縣頭城鎮)",NA,NA,1,NA
"638","100162   ",2011-12-02 11:25:00,121.97,24.82,95.2,4.2,"宜蘭縣政府東偏北方  22.9  公里 (位於台灣東部海域)",NA,NA,1,NA
"639","100166   ",2011-12-08 06:07:00,121.53,24.54,61,4.4,"宜蘭縣政府西南方  31.7  公里 (位於宜蘭縣大同鄉)",NA,NA,1,NA
"640","100169   ",2011-12-14 07:12:00,121.8,23.85,41.9,4.7,"花蓮縣政府東南方  24.1  公里 (位於台灣東部海域)",NA,NA,1,NA
"641","100170   ",2011-12-15 08:35:00,121.77,23.72,32.8,4.6,"花蓮縣政府南偏東方  34.2  公里 (位於台灣東部海域)",NA,NA,1,NA
"642","101014   ",2012-01-16 05:55:00,121.92,24.41,20.4,4.3,"宜蘭縣政府南偏東方  38.7  公里 (位於台灣東部海域)",NA,NA,1,NA
"643","101024   ",2012-02-04 00:54:00,122.66,24.67,116.2,5.6,"宜蘭縣政府東方  90.9  公里 (位於台灣東部海域)",NA,NA,1,NA
"644","101046   ",2012-03-11 02:54:00,121.88,24.8,9.9,3.7,"宜蘭縣政府東偏北方  14.2  公里 (位於宜蘭縣近海)",NA,NA,1,NA
"645","101048   ",2012-03-18 07:58:00,122.24,24.78,96.5,4.8,"宜蘭縣政府東方  48.3  公里 (位於台灣東部海域)",NA,NA,1,NA
"646","101146   ",2012-07-10 08:42:00,122.3,24.71,12.4,4.6,"宜蘭縣政府東方  54.3  公里 (位於台灣東部海域)",NA,NA,1,NA
"647","101180   ",2012-10-13 06:38:00,121.63,24.94,87.4,4.2,"台北市政府東南方  12.8  公里 (位於新北市石碇區)",NA,NA,1,NA
"648","101185   ",2012-10-20 04:49:00,122.45,24.42,78.8,5.3,"宜蘭縣政府東偏南方  77.7  公里 (位於台灣東部海域)",NA,NA,1,NA
"649","101190   ",2012-11-05 09:40:00,121.44,23.78,14.1,4.9,"花蓮縣政府西南方  30.1  公里 (位於花蓮縣萬榮鄉)",NA,NA,1,NA
"650","101214   ",2012-12-31 12:03:00,120.91,23.47,4.4,5.3,"嘉義市政府東方  46.3  公里 (位於嘉義縣阿里山鄉)",NA,NA,1,NA
"651","102016   ",2013-02-06 05:00:00,121.98,24.44,14.5,4.2,"宜蘭縣政府東南方  38.5  公里 (位於臺灣東部海域)",NA,NA,1,NA
"652","102019   ",2013-02-17 09:37:00,121.44,24.32,6.3,3.9,"花蓮縣政府北偏西方  40.7  公里 (位於花蓮縣秀林鄉)",NA,NA,1,NA
"653","102028   ",2013-03-07 06:37:00,122.1,24.61,69.8,4.7,"宜蘭縣政府東偏南方  36.8  公里 (位於臺灣東部海域)",NA,NA,1,NA
"654","102032   ",2013-03-07 04:07:00,121.45,24.34,6,4.6,"花蓮縣政府北偏西方  41.9  公里 (位於花蓮縣秀林鄉)",NA,NA,1,NA
"655","102035   ",2013-03-12 05:03:00,121.78,24.36,51.9,5,"宜蘭縣政府南方  41.0  公里 (位於宜蘭縣近海)",NA,NA,1,NA
"656","102040   ",2013-03-20 03:22:00,121.95,24.45,12.1,4.6,"宜蘭縣政府東南方  35.9  公里 (位於臺灣東部海域)",NA,NA,1,NA
"657","102049   ",2013-04-09 07:13:00,121.86,24.79,99.2,4.1,"宜蘭縣政府東偏北方  11.7  公里 (位於宜蘭縣近海)",NA,NA,1,NA
"658","102052   ",2013-04-16 11:13:00,121.59,24.61,68,4.5,"宜蘭縣政府西南方  22.1  公里 (位於宜蘭縣大同鄉)",NA,NA,1,1
"659","102053   ",2013-04-20 12:36:00,122.44,24.78,118.9,5,"宜蘭縣政府東方  68.4  公里 (位於臺灣東部海域)",NA,NA,1,NA
"660","102055   ",2013-04-21 11:07:00,122.34,24.41,70.6,5,"宜蘭縣政府東偏南方  67.8  公里 (位於臺灣東部海域)",NA,NA,1,NA
"661","102064   ",2013-05-21 12:25:00,121.77,24.28,14.5,4.9,"花蓮縣政府北偏東方  35.4  公里 (位於花蓮縣近海)",NA,NA,1,NA
"662","102072   ",2013-05-25 02:08:00,121.84,24.79,71.4,3.6,"宜蘭縣政府東北方  10.4  公里 (位於宜蘭縣近海)",NA,NA,1,NA
"663","102074   ",2013-05-30 11:14:00,121.64,23.92,46.9,4.8,"花蓮縣政府南偏東方  7.9  公里 (位於花蓮縣近海)",NA,NA,1,NA
"664","102089   ",2013-07-15 09:41:00,122.84,23.76,40,5.7,"花蓮縣政府東方  126.8  公里 (位於臺灣東部海域)",NA,NA,1,NA
"665","102094   ",2013-07-24 11:32:00,121.53,23.91,10.6,5,"花蓮縣政府西南方  13.2  公里 (位於花蓮縣壽豐鄉)",NA,NA,1,NA
"666","102113   ",2013-10-11 12:45:00,121.69,25.04,143.8,4.9,"基隆市政府南偏西方  11.8  公里 (位於新北市汐止區)",NA,NA,1,NA
"667","102117   ",2013-10-22 08:08:00,121.9,24.45,20.6,4.2,"宜蘭縣政府南偏東方  34.4  公里 (位於宜蘭縣近海)",NA,NA,1,NA
"668","102125   ",2013-10-31 11:47:00,121.43,23.63,10.1,5.1,"花蓮縣政府南偏西方  44.5  公里 (位於花蓮縣光復鄉)",NA,NA,1,NA
"669","102140   ",2013-11-04 06:56:00,121.47,23.95,26,4.9,"花蓮縣政府西偏南方  16.4  公里 (位於花蓮縣秀林鄉)",NA,NA,1,NA
"670","102152   ",2013-11-16 03:39:00,122.45,23.95,26.1,5.2,"花蓮縣政府東方  84.2  公里 (位於臺灣東部海域)",NA,NA,1,NA
"671","102153   ",2013-11-21 03:36:00,121.93,24.87,89.5,4.5,"宜蘭縣政府東北方  23.0  公里 (位於宜蘭縣近海)",NA,NA,1,NA
"672","102161   ",2013-12-16 05:47:00,121.69,24.89,107.4,3.9,"宜蘭縣政府北偏西方  18.5  公里 (位於新北市坪林區)",NA,NA,1,NA
"673","102163   ",2013-12-22 12:18:00,121.7,24.61,41.8,4.4,"宜蘭縣政府南偏西方  14.7  公里 (位於宜蘭縣大同鄉)",NA,NA,1,NA
"674","103005   ",2014-01-11 01:13:00,121.3,24.82,8.4,3,"桃園縣政府南方  19.0  公里 (位於桃園縣大溪鎮)",NA,NA,1,NA
"675","103030   ",2014-02-19 12:19:00,121.91,24.44,13.6,4,"宜蘭縣政府南偏東方  35.4  公里 (位於臺灣東部海域)",NA,NA,1,NA
"676","103065   ",2014-05-04 08:43:00,121.65,23.94,36,5.2,"花蓮縣政府南偏東方  6.7  公里 (位於花蓮縣近海)",NA,NA,1,NA
"677","103097   ",2014-07-26 12:43:00,122.01,24.87,101,4,"宜蘭縣政府東偏北方  30.0  公里 (位於臺灣東部海域)",NA,NA,1,NA
"678","103122   ",2014-10-09 12:22:00,121.92,24.41,19.7,3.8,"宜蘭縣政府南偏東方  39.0  公里 (位於臺灣東部海域)",NA,NA,1,NA
"679","103140   ",2014-11-20 01:55:00,122.03,24.9,13.9,4,"宜蘭縣政府東偏北方  32.5  公里 (位於臺灣東部海域)",NA,NA,1,NA
"680","104047   ",2015-09-02 00:18:00,122.02,24.87,11.3,4.6,"宜蘭縣政府東偏北方  30.0  公里 (位於臺灣東部海域)",NA,NA,1,1
"681","104048   ",2015-09-02 01:03:00,121.99,24.86,10.7,4.5,"宜蘭縣政府東偏北方  26.9  公里 (位於臺灣東部海域)",NA,NA,1,NA
"682","104049   ",2015-09-10 11:23:00,121.82,24.24,18.6,4.9,"花蓮縣政府東北方  34.6  公里 (位於臺灣東部海域)",NA,NA,1,NA
"683","104050   ",2015-09-16 01:56:00,121.83,24.25,19,4.9,"花蓮縣政府東北方  36.0  公里 (位於臺灣東部海域)",NA,NA,1,NA
"684","104054   ",2015-09-16 04:43:00,121.82,24.27,18.7,4.5,"花蓮縣政府東北方  37.3  公里 (位於花蓮縣近海)",NA,NA,1,NA
"685","104060   ",2015-09-16 10:29:00,121.8,24.28,19.2,4.6,"花蓮縣政府北偏東方  36.7  公里 (位於花蓮縣近海)",NA,NA,1,NA
"686","104063   ",2015-09-30 03:37:00,121.51,24.02,18.7,4.8,"花蓮縣政府西偏北方  12.0  公里 (位於花蓮縣秀林鄉)",NA,NA,1,NA
"687","104097   ",2015-12-25 05:20:00,121.03,24.05,21.2,4.6,"臺中市政府東偏南方  36.9  公里 (位於南投縣仁愛鄉)",NA,NA,1,NA
"688","104098   ",2015-12-26 05:10:00,121.23,24.8,11.3,3.7,"新竹縣政府東方  22.4  公里 (位於新竹縣關西鎮)",NA,NA,1,NA
"689","105043   ",2016-04-28 09:14:00,121.8,24.28,12.6,4.5,"花蓮縣政府北偏東方  37.2  公里",NA,NA,1,NA
"690","105047   ",2016-05-01 01:25:00,121.83,24.23,12.6,4.5,"花蓮縣政府東北方  34.4  公里 (位於臺灣東部海域)",NA,NA,1,NA
"691","105055   ",2016-05-07 00:51:00,121.76,24.22,11.8,4.8,"花蓮縣政府北偏東方  29.0  公里",NA,NA,1,NA
"692","105061   ",2016-05-12 11:20:00,121.98,24.69,11.4,4.6,"宜蘭縣政府東方  22.0  公里",NA,NA,1,NA
"693","105065   ",2016-05-13 04:43:00,122.02,24.69,11.1,4.4,"宜蘭縣政府東方  26.5  公里",NA,NA,1,NA
"694","105070   ",2016-05-18 08:22:00,121.57,23.22,45.8,5.2,"臺東縣政府東北方  67.0  公里",NA,NA,1,1
"695","105080   ",2016-06-20 08:39:00,121.53,23.16,39.4,5.1,"臺東縣政府東北方  59.8  公里 (位於臺灣東部海域)",NA,NA,1,NA
"696","105082   ",2016-06-24 05:05:00,123.42,23.53,47,6.1,"花蓮縣政府東偏南方  190.4  公里 (位於臺灣東部海域)",NA,NA,1,NA
"697","105092   ",2016-09-05 00:02:00,121.58,24.74,78,3.7,"宜蘭縣政府西方  18.9  公里 (位於新北市烏來區)",NA,NA,1,NA
"698","105094   ",2016-09-28 05:38:00,122.75,24.45,96.9,5.5,"宜蘭縣政府東偏南方  105.1  公里 (位於臺灣東部海域)",NA,NA,1,1
"699","106007   ",2017-01-25 03:33:00,121.83,24.24,57.5,4.9,"花蓮縣政府東北方  34.9  公里 (位於臺灣東部海域)",NA,NA,1,NA
"700","95021   ",2006-03-28 04:56:00,121.77,24.23,11.5,4.6,"宜蘭南澳地震站南方  21.6  公里",NA,NA,1,NA
"701","95023   ",2006-03-30 01:30:00,121.92,24.48,13.1,4.2,"宜蘭蘇澳地震站南偏東方  15.4  公里",NA,NA,1,NA
"702","95029   ",2006-04-02 09:41:00,121.86,24.47,20.5,4.4,"宜蘭南澳地震站東偏北方  12.7  公里",NA,NA,1,NA
"703","95040   ",2006-04-22 01:12:00,121.87,24.47,21.2,4.1,"宜蘭南澳地震站東偏北方  13.0  公里",NA,NA,1,NA
"704","95096   ",2006-11-27 03:46:00,121.68,24.04,48.6,4.6,"花蓮秀林地震站東偏南方  9.0  公里",NA,NA,1,NA
"705","95103   ",2006-12-20 04:44:00,122.29,24.82,10.1,4.8,"宜蘭蘇澳地震站東偏北方  49.5  公里",NA,NA,1,NA
"706","96017   ",2007-03-12 09:35:00,121.75,24.15,9,4.5,"花蓮秀林地震站東偏北方  16.6  公里",NA,NA,1,NA
"707","96037   ",2007-06-20 10:21:00,121.83,24.4,12.3,4.1,"宜蘭南澳地震站東偏南方  8.8  公里",NA,NA,1,NA
"708","96042   ",2007-07-13 04:54:00,121.82,24.79,10.4,4.4,"宜蘭市地震站東偏北方  7.0  公里",NA,NA,1,NA
"709","96043   ",2007-07-15 07:05:00,121.69,24.74,81.9,3.8,"宜蘭市地震站西偏南  7.6  公里",NA,NA,1,NA
"710","97081   ",2008-10-28 03:00:00,121.82,24.6,72.5,4,"宜蘭蘇澳地震站西方  3.6  公里",NA,NA,1,NA
"711","98008   ",2009-01-24 09:48:00,122.04,24.89,4.8,4.6,"宜蘭市地震站東偏北方  33.0  公里",NA,NA,1,1
"712","98021   ",2009-03-16 08:51:00,122.41,24.83,16.2,4.7,"宜蘭蘇澳地震站東偏北方  60.3  公里",NA,NA,1,NA
"713","98047   ",2009-06-25 05:09:00,122.29,24.03,21.9,5,"花蓮市地震站東方  68.6  公里",NA,NA,1,NA
"714","98097   ",2009-08-02 07:34:00,121.04,23.83,22.8,4.8,"南投名間地震站東方  35.4  公里",NA,NA,1,NA
"715","99007   ",2010-01-19 02:09:00,121.68,23.82,41,5.6,"花蓮市地震站南偏東方  18.2  公里",NA,NA,1,NA
"716","99012   ",2010-02-12 10:42:00,121.08,23.9,18.4,5.2,"花蓮西林地震站西偏北方  38.3  公里",NA,NA,1,NA
"717","99030   ",2010-03-18 05:01:00,121.96,24.39,31,4.7,"宜蘭南澳地震站東方  22.1  公里",NA,NA,1,NA
"718","99031   ",2010-03-19 12:54:00,121.97,24.4,32.9,4.6,"宜蘭南澳地震站東方  23.0  公里",NA,NA,1,NA
"719","99037   ",2010-04-11 12:57:00,122.1,23.27,30.3,5.4,"台東成功地震站東偏北方  76.7  公里",NA,NA,1,NA
"720","99042   ",2010-04-25 11:16:00,122.28,25,12.1,4.3,"基隆市地震站東偏南方  54.2  公里",NA,NA,1,NA
"721","99059   ",2010-06-18 09:08:00,121.72,24.12,10.8,4.7,"花蓮秀林地震站東偏北方  12.6  公里",NA,NA,1,NA
"722","99075   ",2010-07-25 11:52:00,120.69,22.84,19.6,5.7,"高雄旗山地震站東方  27.0  公里",NA,NA,1,NA
"723","99076   ",2010-07-27 08:54:00,122.32,25.01,11.6,4.4,"基隆市地震站東偏南方  57.5  公里",NA,NA,1,2
"724","99077   ",2010-07-31 04:13:00,121.76,24.07,46.4,4.6,"花蓮秀林地震站東方  16.3  公里",NA,NA,1,NA
"725","99084   ",2010-08-22 12:38:00,121.59,23.58,40.2,5.3,"花蓮西林地震站南偏東方  29.3  公里",NA,NA,1,NA
"726","99099   ",2010-09-20 11:17:00,121.62,23.68,36.2,5.1,"花蓮西林地震站東南方  23.2  公里",NA,NA,1,NA
"727","99101   ",2010-09-25 02:34:00,121.98,24.9,110.5,3.8,"宜蘭市地震站東偏北方  27.2  公里",NA,NA,1,NA
"728","99110   ",2010-10-04 09:28:00,125.51,23.97,35,6.6,"宜蘭蘇澳地震站東方  377.7  公里",NA,NA,1,NA
"729","99132   ",2010-11-10 02:30:00,121.82,24.56,8.3,4.3,"宜蘭蘇澳地震站西南方  7.1  公里",NA,NA,1,NA
"730","99140   ",2010-11-19 02:14:00,121.85,24.55,9.2,4.1,"宜蘭蘇澳地震站南偏西方  6.4  公里",NA,NA,1,NA
"731","99141   ",2010-11-19 08:49:00,121.85,24.82,83.1,3.9,"宜蘭市地震站東偏北方  11.4  公里",NA,NA,1,NA
"732","100063   ",2011-05-24 03:51:00,121.89,24.73,86.6,4.3,"宜蘭縣政府東方  12.8  公里外海",NA,NA,2,NA
"733","103056   ",2014-04-16 11:34:00,121.93,24.42,16.4,4.1,"宜蘭縣政府南偏東方  38.5  公里 (位於臺灣東部海域)",NA,NA,2,NA
"734","103089   ",2014-06-22 08:26:00,122.61,24.71,97.4,5.3,"宜蘭縣政府東方  85.3  公里 (位於臺灣東部海域)",NA,NA,2,NA
"735","103145   ",2014-12-02 06:30:00,121.74,24.67,70.2,4.1,"宜蘭縣政府南偏西方  7.3  公里 (位於宜蘭縣冬山鄉)",NA,NA,2,NA
"736","104032   ",2015-06-09 01:22:00,121.69,24.65,49,4.3,"宜蘭縣政府西南方  11.7  公里 (位於宜蘭縣三星鄉)",NA,NA,2,NA
"737","105002   ",2016-01-03 00:01:00,122.08,24.6,66.4,4.9,"宜蘭縣政府東偏南方  35.4  公里",NA,NA,2,NA
"738","95010   ",2006-02-07 01:41:00,121.78,24.81,89.5,4.8,"宜蘭市地震站北偏東方  5.6  公里",NA,NA,2,NA
"739","98140   ",2009-11-28 11:04:00,121.96,24.53,64.1,4.5,"宜蘭蘇澳地震站東南方  13.1  公里",NA,NA,2,NA
"740","99063   ",2010-06-25 12:28:00,122.11,24.44,62.2,4.7,"宜蘭蘇澳地震站東南方  31.4  公里",NA,NA,2,NA
"741","99096   ",2010-09-12 06:41:00,121.76,24.39,59.7,4.8,"宜蘭南澳地震站南方  3.7  公里",NA,NA,2,NA
"742","84005   ",1995-02-10 10:21:00,121.92,23.76,24.6,5.2,"花蓮市地震站東南方  39.2  公里",NA,NA,NA,1
"743","87009   ",1998-02-24 02:45:00,121.69,24.41,24.4,4.8,"宜蘭南澳地震站西偏南  6.2  公里",NA,NA,NA,1
"744","87010   ",1998-02-24 02:59:00,121.69,24.4,24.8,4.5,"宜蘭南澳地震站西偏南  6.8  公里",NA,NA,NA,1
"745","87015   ",1998-04-19 06:06:00,121.71,24.39,24.9,4.8,"宜蘭南澳地震站西南方  5.7  公里",NA,NA,NA,1
"746","87018   ",1998-05-02 01:37:00,122.56,24.56,86.1,5.6,"宜蘭蘇澳地震站東方  70.9  公里",NA,NA,NA,1
"747","87019   ",1998-05-08 02:43:00,122.1,24.81,3,4.3,"宜蘭蘇澳地震站東北方  32.9  公里",NA,NA,NA,1
"748","87021   ",1998-05-15 04:50:00,121.72,23.96,46,4.9,"花蓮市地震站東方  11.0  公里",NA,NA,NA,1
"749","87035   ",1998-07-31 03:40:00,121.86,24.75,8.1,4,"宜蘭市地震站東方  10.7  公里",NA,NA,NA,1
"750","88015   ",1999-04-10 03:52:00,121.71,24.09,3,5,"花蓮秀林地震站東方  10.8  公里",NA,NA,NA,1
"751","88027   ",1999-06-10 03:17:00,121.73,23.73,17.2,5.2,"花蓮市地震站南偏東方  30.1  公里",NA,NA,NA,1
"752","89043   ",2000-03-19 04:50:00,122.31,24.7,4.3,4.7,"宜蘭蘇澳地震站東偏北方  46.8  公里",NA,NA,NA,1
"753","89058   ",2000-04-28 12:33:00,121.98,24.83,10.2,4.4,"宜蘭市地震站東偏北方  23.4  公里",NA,NA,NA,1
"754","89100   ",2000-06-11 09:36:00,121.81,24.68,12.9,3.8,"宜蘭蘇澳地震站西北方  9.3  公里",NA,NA,NA,1
"755","89107   ",2000-06-16 08:46:00,122.13,24.85,4.3,4.6,"宜蘭蘇澳地震站東北方  38.3  公里",NA,NA,NA,1
"756","89110   ",2000-06-17 03:50:00,121.94,24.8,10.8,4.1,"宜蘭市地震站東方  18.9  公里",NA,NA,NA,1
"757","89111   ",2000-06-17 05:16:00,121.95,24.8,5.8,4,"宜蘭市地震站東方  19.8  公里",NA,NA,NA,1
"758","90002   ",2001-01-05 03:03:00,121.78,24.72,12.8,3.9,"宜蘭市地震站南偏東方  5.4  公里",NA,NA,NA,1
"759","90006   ",2001-01-11 05:09:00,120.98,24.09,25.2,4.7,"台中德基地震站西南方  26.0  公里",NA,NA,NA,1
"760","91106   ",2002-06-16 06:41:00,122.08,24.82,3.2,4.8,"宜蘭蘇澳地震站東北方  32.4  公里",NA,NA,NA,1
"761","93022   ",2004-02-29 10:23:00,121.98,24.74,13.3,4.3,"宜蘭蘇澳地震站東北方  19.0  公里",NA,NA,NA,1
"762","94132   ",2005-09-03 08:52:00,121.89,24.81,8.8,4.3,"宜蘭市地震站東偏北方  14.5  公里",NA,NA,NA,1
"763","94134   ",2005-09-13 06:53:00,120.95,24.4,7,4.4,"苗栗三義地震站東方  18.2  公里",NA,NA,NA,1
"764","84036   ",1995-06-25 02:59:00,121.67,24.61,39.9,6.5,"宜蘭牛鬥地震站東偏南方  10.2  公里",NA,NA,NA,3
"765","88043   ",1999-09-21 01:47:00,120.82,23.85,8,7.3,"南投日月潭地震站西偏南  10.0  公里",NA,NA,NA,3
"766","94161   ",2005-12-05 06:15:00,121.58,25,10.7,3.7,"台北市地震站東偏南方  7.3  公里",NA,NA,NA,3
"767",NA,2007-10-11 11:05:00,121.85,24.75,80,5.2,"宜蘭市地震站東方  9.7  公里",NA,NA,3,NA
"768",NA,2007-03-08 01:37:00,121.91,24.54,70.4,4.7,"宜蘭蘇澳地震站東南方  8.8  公里",NA,NA,3,NA
"769",NA,2010-01-05 03:27:00,121.83,24.18,46.1,5.5,"花蓮秀林地震站東偏北方  25.8  公里",NA,NA,3,NA
"770",NA,2010-08-30 04:45:00,122.21,24.95,15,5.2,"基隆市地震站東偏南方  48.8  公里",NA,NA,3,NA
"771",NA,2013-03-07 01:36:00,121.46,24.3,5.6,5.9,"花蓮縣政府北偏西方  38.1  公里 (位於花蓮縣秀林鄉)",NA,NA,3,NA
"772",NA,2014-11-20 01:46:00,122.06,24.9,13.9,5.2,"宜蘭縣政府東偏北方  35.4  公里 (位於臺灣東部海域)",NA,NA,3,NA
"773",NA,2015-10-19 10:17:00,122.01,24.86,14.4,5.3,"宜蘭縣政府東偏北方  29.1  公里 (位於臺灣東部海域)",NA,NA,3,NA
"774",NA,2016-05-31 01:23:00,122.68,25.49,256.9,6.9,"基隆市政府東偏北方  102.5  公里",NA,NA,3,NA
"775",NA,2002-05-15 11:46:00,121.87,24.65,8.5,6.2,"宜蘭蘇澳地震站北偏東方  4.9  公里",NA,4,NA,NA
"776",NA,2004-10-15 12:08:00,122.85,24.46,91,7.1,"宜蘭蘇澳地震站東方  101.8  公里",NA,4,NA,NA
"777",NA,2005-03-06 03:06:00,121.84,24.65,6.4,5.9,"宜蘭蘇澳地震站北偏西方  5.5  公里",NA,NA,NA,4
"778",NA,2007-09-07 01:51:00,122.25,24.28,54,6.6,"宜蘭南澳地震站東偏南方  53.8  公里",NA,NA,3,NA
"779",NA,2008-06-02 02:59:00,121.79,24.86,92.3,5.8,"宜蘭市地震站北偏東方  11.3  公里",NA,NA,4,NA
"780",NA,2009-07-14 02:05:00,122.22,24.02,18.1,6,"花蓮市地震站東方  61.9  公里",NA,NA,3,NA
"781",NA,2011-04-30 04:35:00,121.81,24.65,75,5.8,"宜蘭縣政府南偏東方  10.1  公里",NA,NA,3,NA
"782",NA,2012-06-10 05:00:00,122.31,24.46,69.9,6.6,"宜蘭縣政府東偏南方  62.8  公里 (位於台灣東部海域)",NA,NA,3,NA
"783",NA,2013-03-27 10:03:00,121.05,23.9,19.4,6.2,"南投縣政府東方  36.9  公里 (位於南投縣仁愛鄉)",NA,NA,3,NA
"784",NA,2013-06-02 01:43:00,120.97,23.86,14.5,6.5,"南投縣政府東方  29.3  公里 (位於南投縣魚池鄉)",NA,NA,3,NA
"785",NA,2014-02-22 04:25:00,121.6,24.7,60.9,5.6,"宜蘭縣政府西方  16.8  公里 (位於宜蘭縣大同鄉)",NA,NA,4,NA
"786",NA,2015-04-20 09:42:00,122.44,24.02,30.6,6.4,"花蓮縣政府東方  83.6  公里 (位於臺灣東部海域)",NA,NA,3,NA
"787",NA,2015-09-16 03:37:00,121.82,24.25,19.8,5.7,"花蓮縣政府東北方  35.0  公里 (位於花蓮縣近海)",NA,NA,3,NA
"788",NA,2016-05-12 11:17:00,121.98,24.69,8.9,6.1,"宜蘭縣政府東方  22.4  公里",NA,NA,3,NA
"789",NA,2016-05-12 12:29:00,122.02,24.69,12,5.7,"宜蘭縣政府東方  26.1  公里",NA,NA,3,NA
"790",NA,2000-09-10 04:54:00,121.58,24.09,17.7,6.2,"花蓮秀林地震站西偏北方  2.2  公里",NA,4,NA,NA
"791",NA,2001-06-14 10:35:00,121.93,24.42,17.3,6.3,"宜蘭南澳地震站東方  18.2  公里",NA,5,NA,NA
"792",NA,2009-12-19 09:02:00,121.66,23.79,43.8,6.9,"花蓮市地震站南偏東方  21.4  公里",NA,4,4,NA
"793",NA,2013-10-31 08:02:00,121.35,23.57,15,6.4,"花蓮縣政府南偏西方  54.6  公里 (位於花蓮縣萬榮鄉)",NA,NA,3,NA
"794",NA,2014-02-12 12:31:00,121.57,25.13,6.4,4.2,"臺北市政府北方  10.5  公里 (位於臺北市士林區)",4,NA,3,NA
"795",NA,2007-11-20 05:02:00,121.76,24.79,72,4.3,"宜蘭市地震站北偏東方  2.6  公里",NA,NA,3,NA
"796",NA,2016-03-06 02:11:00,121.77,24.72,70.5,4.7,"宜蘭縣政府南偏東方  1.8  公里",NA,NA,3,NA
"797",NA,2011-12-04 06:13:00,122.05,24.66,62.8,4.9,"宜蘭縣政府東偏南方  29.9  公里 (位於台灣東部海域)",NA,NA,3,NA
"798",NA,2014-02-22 04:27:00,121.6,24.67,62.5,4.3,"宜蘭縣政府西偏南方  17.9  公里 (位於宜蘭縣三星鄉)",NA,NA,3,NA
"799",NA,1995-06-25 02:59:00,121.67,24.61,39.9,6.5,"宜蘭牛鬥地震站東偏南方  10.2  公里",NA,4,NA,NA
"800",NA,1996-03-05 00:52:00,122.36,23.93,6,6.4,"花蓮市地震站東方  76.3  公里",NA,4,NA,NA
"801",NA,1999-09-21 01:47:00,120.82,23.85,8,7.3,"南投日月潭地震站西偏南  10.0  公里",NA,4,NA,NA
"802",NA,1999-09-26 07:52:00,121,23.85,12.1,6.8,"南投日月潭地震站東偏南方  10.1  公里",NA,4,NA,NA
"803",NA,2005-12-05 06:15:00,121.58,25,10.7,3.7,"台北市地震站東偏南方  7.3  公里",NA,4,NA,NA
"804",NA,2002-03-31 02:52:00,122.19,24.14,13.8,6.8,"宜蘭南澳地震站東偏南方  55.0  公里",NA,5,NA,4
